feature,importance,domain
SPAT:sp_gini,11540.0,SPAT
SPAT:sp_grad_max,8373.0,SPAT
SPAT:sp_skew,8034.0,SPAT
SPAT:st_entropy,7379.0,SPAT
SPAT:st_edge_density_t,7151.0,SPAT
SPAT:sp_argmax,6780.0,SPAT
SPAT:st_edge_density_c,5846.0,SPAT
SPAT:st_t_centroid,5628.0,SPAT
SPAT:st_grad_c_energy,5438.0,SPAT
SPAT:sp_kurt,5363.0,SPAT
SPAT:sp_grad_mean_abs,5052.0,SPAT
SPAT:st_grad_c_mean,4913.0,SPAT
SPAT:st_grad_corr,4319.0,SPAT
SPAT:st_anisotropy,4138.0,SPAT
SPAT:st_t_entropy,4138.0,SPAT
SPAT:st_skew,4013.0,SPAT
SPAT:st_active_dur_frac,3858.0,SPAT
SPAT:sp_grad_std,3778.0,SPAT
SPAT:sp_grad_energy,3525.0,SPAT
SPAT:st_t_spread,3398.0,SPAT
SPAT:sp_edge_density,3351.0,SPAT
SPAT:st_grad_t_mean,3276.0,SPAT
SPAT:st_grad_t_energy,3036.0,SPAT
SPAT:st_vel_std,2970.0,SPAT
SPAT:st_traj_var,2752.0,SPAT
SPAT:sp_q50,2458.0,SPAT
SPAT:sp_q25,2426.0,SPAT
SPAT:st_t_skew,2305.0,SPAT
SPAT:st_kurt,2303.0,SPAT
FREQ:peak1_freq,2238.0,FREQ
SPAT:st_burstiness,2217.0,SPAT
TF:tfband_2,2210.0,TF
SPAT:sp_q75,2138.0,SPAT
SPAT:st_mean,2101.0,SPAT
SPAT:st_hist_contrast,1789.0,SPAT
SPAT:st_linearity_r2,1701.0,SPAT
SPAT:st_t_max,1609.0,SPAT
SPAT:st_direction,1579.0,SPAT
FREQ:bandP_1,1476.0,FREQ
TF:DWT_L0_zcr,1283.0,TF
FREQ:ratio_mid_high,1248.0,FREQ
SPAT:st_traj_range,1213.0,SPAT
SPAT:st_hist_entropy,1198.0,SPAT
SPAT:st_hist_energy,1151.0,SPAT
SPAT:st_vel_mean,1138.0,SPAT
SPAT:sp_tv_norm,947.0,SPAT
TF:Ef_harmonic_ratio,840.0,TF
TIME:autocorr_first_zero,839.0,TIME
FREQ:bandP_2,796.0,FREQ
FREQ:peak2_freq,754.0,FREQ
TF:mod0_spread,693.0,TF
FREQ:peak_ratio,641.0,FREQ
TF:DWT_L1_zcr,596.0,TF
TF:mod1_centroid,589.0,TF
TF:tfband_3,587.0,TF
TF:das_cyclostationary_index,568.0,TF
TF:Ef_peak_freq,553.0,TF
TF:mod3_centroid,542.0,TF
TF:mod4_centroid,522.0,TF
TIME:seg_energy_0,521.0,TIME
TF:DWT_L2_kurt,504.0,TF
TIME:higuchi_fd,502.0,TIME
TF:Ef_kurt,484.0,TF
TF:mod1_spread,482.0,TF
TF:mod6_centroid,481.0,TF
TF:mod5_centroid,479.0,TF
TF:hog_b8,477.0,TF
TF:mod2_centroid,474.0,TF
TF:flux_mean,470.0,TF
TF:Ef_peak_amp,466.0,TF
FREQ:peak2_amp,463.0,FREQ
TF:DWT_L2_entropy,456.0,TF
TF:mod0_centroid,446.0,TF
FREQ:hist_b31,444.0,FREQ
TF:Et_centroid,443.0,TF
TF:DWT_L2_zcr,435.0,TF
TF:hog_b7,435.0,TF
TF:tf_freq_time_var_ratio,426.0,TF
TF:DWT_L0_mad,425.0,TF
TF:DWT_L2_mean,418.0,TF
TF:DWT_L1_skew,415.0,TF
TF:WPT_dada_skew,413.0,TF
TF:DWT_L3_zcr,411.0,TF
TF:DWT_L3_kurt,397.0,TF
TF:DWT_L0_iqr,395.0,TF
TF:mod6_spread,394.0,TF
TF:mod4_spread,388.0,TF
TF:mod7_centroid,387.0,TF
TIME:seg_energy_1,385.0,TIME
TF:DWT_L6_median,383.0,TF
TF:WPT_dada_median,382.0,TF
TF:WPT_adda_median,381.0,TF
TF:hog_b6,374.0,TF
TF:hog_b13,369.0,TF
TF:mod1_entropy,367.0,TF
TF:DWT_L2_median,366.0,TF
TF:mod8_centroid,363.0,TF
TF:coherence_mean,363.0,TF
TF:DWT_L6_zcr,363.0,TF
TF:hog_b9,361.0,TF
TF:WPT_ddaa_median,360.0,TF
TIME:ssc_rate,358.0,TIME
TF:DWT_L1_entropy,353.0,TF
TF:DWT_L3_entropy,352.0,TF
TF:tfband_0,349.0,TF
TF:Ef_p25,347.0,TF
TF:hog_b1,345.0,TF
TF:tf_perimeter,343.0,TF
TF:WPT_daad_zcr,343.0,TF
TF:mod0_entropy,342.0,TF
TF:DWT_L4_entropy,341.0,TF
TIME:seg_energy_9,341.0,TIME
TF:mod7_spread,340.0,TF
TF:Et_iqr,339.0,TF
TF:lbp_b8,339.0,TF
TF:DWT_L5_zcr,338.0,TF
TF:divergence_mean,337.0,TF
TF:DWT_L5_median,335.0,TF
TF:DWT_L3_skew,333.0,TF
TF:WPT_ddad_zcr,332.0,TF
TF:WPT_dada_entropy,330.0,TF
TF:mod8_spread,330.0,TF
TF:hog_b4,328.0,TF
TF:WPT_addd_skew,326.0,TF
TF:WPT_aada_zcr,326.0,TF
TF:mod2_entropy,326.0,TF
TF:WPT_addd_zcr,325.0,TF
TF:WPT_aada_median,324.0,TF
TF:mod5_entropy,322.0,TF
TF:DWT_L4_median,321.0,TF
TF:mod5_spread,320.0,TF
TF:hog_b11,320.0,TF
TF:DWT_L2_skew,319.0,TF
TF:mod9_spread,318.0,TF
TF:DWT_L1_kurt,317.0,TF
TF:mod3_entropy,316.0,TF
TF:WPT_ddda_zcr,315.0,TF
TF:WPT_dada_zcr,315.0,TF
TF:lbp_b15,314.0,TF
TIME:seg_energy_8,313.0,TIME
TF:hog_b5,313.0,TF
TF:WPT_dadd_entropy,313.0,TF
TF:mod2_spread,311.0,TF
TF:DWT_L2_min,310.0,TF
TIME:seg_energy_6,310.0,TIME
TF:WPT_dddd_zcr,310.0,TF
TF:WPT_adda_zcr,309.0,TF
TF:DWT_L1_mean,308.0,TF
TF:lbp_b30,307.0,TF
TF:mod10_spread,307.0,TF
TF:mod3_spread,306.0,TF
TF:hog_b0,305.0,TF
TF:Et_spread,304.0,TF
TF:mod4_entropy,303.0,TF
TF:lbp_b3,302.0,TF
TF:mod6_entropy,301.0,TF
TF:hog_b15,301.0,TF
TF:WPT_daaa_median,299.0,TF
TF:WPT_adaa_median,296.0,TF
TF:DWT_L4_zcr,296.0,TF
TF:WPT_aadd_kurt,295.0,TF
TF:hog_b3,294.0,TF
TF:WPT_adad_median,294.0,TF
TIME:seg_energy_3,293.0,TIME
TF:DWT_L4_skew,293.0,TF
TF:WPT_dddd_median,292.0,TF
TF:mod7_entropy,291.0,TF
TF:stft_min,291.0,TF
TF:WPT_dadd_median,290.0,TF
TF:WPT_aadd_skew,290.0,TF
TF:WPT_ddda_mean,290.0,TF
TF:lbp_b2,289.0,TF
TF:WPT_dada_mean,288.0,TF
TIME:activity_factor,288.0,TIME
TIME:median,287.0,TIME
TF:WPT_addd_median,287.0,TF
TF:DWT_L0_tk_mean,285.0,TF
TF:WPT_aadd_mean,285.0,TF
TF:WPT_ddad_mean,284.0,TF
TF:WPT_dadd_skew,282.0,TF
TIME:mean_peak_amp,282.0,TIME
TF:WPT_daaa_zcr,281.0,TF
TF:WPT_ddad_median,280.0,TF
FREQ:bandP_3,280.0,FREQ
FREQ:bandP_rel_1,278.0,FREQ
TF:WPT_dada_kurt,278.0,TF
TF:hog_b14,277.0,TF
TIME:p5,276.0,TIME
TF:mod10_centroid,276.0,TF
TF:DWT_L3_median,275.0,TF
TF:WPT_ddda_median,275.0,TF
TF:hog_b10,275.0,TF
TF:WPT_adaa_zcr,274.0,TF
TF:hog_b2,273.0,TF
TF:WPT_aadd_zcr,272.0,TF
TF:hog_b12,270.0,TF
TF:lbp_b19,266.0,TF
TF:lbp_b29,265.0,TF
TF:lbp_b10,265.0,TF
TF:WPT_aadd_entropy,264.0,TF
TF:WPT_aadd_median,264.0,TF
TIME:hist_b7,264.0,TIME
TF:WPT_dadd_zcr,263.0,TF
TF:lbp_b16,263.0,TF
TIME:seg_energy_7,262.0,TIME
FREQ:hist_b23,261.0,FREQ
TIME:energy_spread,260.0,TIME
TF:WPT_dadd_kurt,260.0,TF
TF:flux_max,258.0,TF
TF:DWT_L4_mean,258.0,TF
TF:WPT_ddaa_zcr,257.0,TF
TF:Ef_skew,256.0,TF
TF:mod9_centroid,255.0,TF
TF:WPT_addd_entropy,255.0,TF
TF:mod8_entropy,255.0,TF
TF:DWT_L1_median,254.0,TF
TF:lbp_b1,251.0,TF
FREQ:hist_b29,245.0,FREQ
TF:WPT_adad_zcr,244.0,TF
TIME:seg_energy_4,243.0,TIME
TF:das_tonal_ratio,242.0,TF
TF:DWT_L0_median,242.0,TF
TF:tf_fill_ratio,242.0,TF
TF:WPT_adad_mean,240.0,TF
TF:lbp_b13,239.0,TF
TF:WPT_addd_mean,238.0,TF
TIME:seg_energy_5,237.0,TIME
TF:lbp_b17,236.0,TF
FREQ:bandP_0,235.0,FREQ
TF:lbp_b12,235.0,TF
TF:lbp_b11,234.0,TF
TF:lbp_b26,234.0,TF
TF:WPT_adda_mean,233.0,TF
TIME:above_2std_frac,232.0,TIME
TF:tf_aspect_ratio,232.0,TF
TF:WPT_daad_mean,231.0,TF
TF:lbp_b7,231.0,TF
TF:DWT_L1_max,231.0,TF
TF:novelty,231.0,TF
TF:flux_std,230.0,TF
FREQ:hist_b26,230.0,FREQ
TF:mod10_entropy,229.0,TF
TF:coherence_std,228.0,TF
TF:lbp_b27,228.0,TF
FREQ:peak_count,227.0,FREQ
TF:WPT_addd_kurt,227.0,TF
TF:mod9_entropy,227.0,TF
TF:DWT_L0_tk_max,226.0,TF
TF:WPT_aada_skew,224.0,TF
TF:lbp_b20,224.0,TF
TF:lbp_b22,224.0,TF
TIME:p95,224.0,TIME
TF:DWT_L4_kurt,224.0,TF
TF:WPT_aaaa_mad,222.0,TF
TF:lbp_b24,222.0,TF
TF:WPT_aaaa_tk_mean,221.0,TF
TF:stft_p10,220.0,TF
TF:WPT_daad_median,219.0,TF
TF:WPT_aaaa_tk_max,218.0,TF
TF:lbp_b25,217.0,TF
TF:lbp_b14,217.0,TF
TF:WPT_dddd_mean,217.0,TF
TF:WPT_aaaa_median,215.0,TF
TF:DWT_L6_entropy,213.0,TF
SPAT:st_hist_uniformity,212.0,SPAT
TIME:seg_energy_2,210.0,TIME
FREQ:hist_b25,210.0,FREQ
TIME:hist_b8,210.0,TIME
TF:DWT_L3_mean,210.0,TF
FREQ:frac_mid,208.0,FREQ
TF:lbp_b28,208.0,TF
TF:lbp_b6,207.0,TF
TF:DWT_L2_max,206.0,TF
TF:WPT_aaaa_iqr,205.0,TF
TF:lbp_b5,205.0,TF
FREQ:cepstral_3,204.0,FREQ
SPAT:st_traj_drift,204.0,SPAT
FREQ:hist_b24,202.0,FREQ
TF:tfband_1,201.0,TF
TF:DWT_L1_min,200.0,TF
TF:WPT_adad_skew,200.0,TF
TF:WPT_adad_entropy,200.0,TF
TIME:energy_centroid,200.0,TIME
TF:mod11_spread,200.0,TF
TF:lbp_b18,196.0,TF
TF:divergence_std,196.0,TF
TIME:mean,195.0,TIME
TF:stft_p25,195.0,TF
TF:lbp_b21,192.0,TF
TIME:p99,190.0,TIME
FREQ:cepstral_6,189.0,FREQ
TF:DWT_L1_range,189.0,TF
TF:glcm_63_correlation_d4_a0,188.0,TF
TF:lbp_b23,188.0,TF
FREQ:hist_b30,187.0,FREQ
TF:WPT_aaaa_tk_std,187.0,TF
TF:lbp_b4,186.0,TF
FREQ:hist_b28,186.0,FREQ
TF:DWT_L1_tk_max,186.0,TF
TF:DWT_L1_tk_mean,185.0,TF
TF:DWT_L0_tk_std,185.0,TF
TF:WPT_aada_entropy,183.0,TF
TIME:hist_b14,181.0,TIME
TF:DWT_L3_min,180.0,TF
TF:DWT_L6_skew,180.0,TF
TIME:burst_mean_dur,179.0,TIME
TF:DWT_L3_max,178.0,TF
TF:mod11_entropy,178.0,TF
TF:WPT_aada_mean,177.0,TF
TF:WPT_aaaa_zcr,176.0,TF
TIME:hist_b0,174.0,TIME
TF:tf_ridge_density,174.0,TF
TF:DWT_L2_tk_max,173.0,TF
TF:lbp_b9,172.0,TF
TF:Et_p75,172.0,TF
FREQ:hist_b27,170.0,FREQ
TF:stft_mean,170.0,TF
TF:Ef_n_peaks,170.0,TF
TF:Ef_min,169.0,TF
TF:WPT_dada_min,167.0,TF
TF:stft_crest,167.0,TF
TF:WPT_adad_kurt,167.0,TF
TIME:p1,166.0,TIME
TF:WPT_daaa_max,166.0,TF
FREQ:hist_entropy,166.0,FREQ
TF:WPT_aada_kurt,165.0,TF
TIME:hist_b13,164.0,TIME
TF:DWT_L1_mad,164.0,TF
TF:Ef_spread,163.0,TF
TF:glcm_43_correlation_d3_a0,163.0,TF
TIME:hist_b15,161.0,TIME
TF:WPT_daad_skew,160.0,TF
TF:Et_kurt,159.0,TF
TF:Ef_flatness,157.0,TF
TIME:p10,156.0,TIME
TF:DWT_L4_min,155.0,TF
TF:WPT_dadd_mean,153.0,TF
TF:WPT_dada_max,153.0,TF
TIME:trimmed_mean10,152.0,TIME
FREQ:cepstral_7,152.0,FREQ
TF:WPT_addd_tk_max,152.0,TF
FREQ:mag_max,151.0,FREQ
TF:DWT_L2_range,151.0,TF
TIME:burst_occupancy,150.0,TIME
TF:WPT_daaa_mean,149.0,TF
TF:DWT_L5_skew,149.0,TF
FREQ:cepstral_8,149.0,FREQ
TF:DWT_L0_kurt,148.0,TF
TF:WPT_dadd_min,148.0,TF
TF:glcm_3_correlation_d1_a0,147.0,TF
TF:tf_area,147.0,TF
FREQ:bandP_rel_2,146.0,FREQ
TF:glcm_78_correlation_d4_a3,145.0,TF
TF:WPT_aadd_tk_max,145.0,TF
TIME:std_peak_amp,145.0,TIME
TF:DWT_L1_iqr,144.0,TF
TF:DWT_L4_max,143.0,TF
TF:glcm_70_contrast_d4_a2,143.0,TF
TF:DWT_L0_entropy,142.0,TF
TIME:longest_run_above,141.0,TIME
TF:glcm_75_contrast_d4_a3,141.0,TF
TF:WPT_dadd_tk_max,141.0,TF
TF:glcm_23_correlation_d2_a0,140.0,TF
TF:WPT_aadd_min,140.0,TF
TF:glcm_48_correlation_d3_a1,140.0,TF
TF:lbp_b0,139.0,TF
TF:WPT_aada_max,138.0,TF
FREQ:spec_rolloff85,138.0,FREQ
FREQ:mag_min,137.0,FREQ
TF:Et_skew,137.0,TF
TF:WPT_aadd_max,136.0,TF
TF:DWT_L6_mean,136.0,TF
TF:WPT_addd_min,136.0,TF
FREQ:cepstral_4,136.0,FREQ
TF:DWT_L1_tk_std,136.0,TF
TF:tf_bbox_extent,135.0,TF
TF:WPT_dada_tk_max,135.0,TF
TIME:hist_b2,135.0,TIME
TF:DWT_L0_min,134.0,TF
TIME:hist_b1,133.0,TIME
TIME:p90,133.0,TIME
TF:glcm_18_correlation_d1_a3,133.0,TF
TF:glcm_13_correlation_d1_a2,133.0,TF
TF:WPT_daad_min,133.0,TF
TF:Et_min,133.0,TF
TF:glcm_58_correlation_d3_a3,132.0,TF
TF:WPT_daaa_min,132.0,TF
TF:WPT_aaaa_abs_mean,132.0,TF
TF:DWT_L3_tk_max,130.0,TF
TF:WPT_ddaa_skew,130.0,TF
TF:WPT_ddda_skew,130.0,TF
TF:WPT_dddd_skew,129.0,TF
TF:Ef_std,128.0,TF
TF:Ef_p75,128.0,TF
TIME:p75,127.0,TIME
TF:WPT_adda_skew,126.0,TF
TF:DWT_L2_tk_std,125.0,TF
TF:glcm_68_correlation_d4_a1,124.0,TF
TF:WPT_daaa_skew,124.0,TF
FREQ:spec_rolloff,123.0,FREQ
TIME:skew,123.0,TIME
FREQ:cepstral_2,123.0,FREQ
TIME:p25,121.0,TIME
TF:glcm_8_correlation_d1_a1,120.0,TF
TF:WPT_adaa_min,120.0,TF
TF:WPT_aaaa_max,120.0,TF
TF:WPT_ddaa_min,120.0,TF
TF:WPT_daad_kurt,119.0,TF
TF:mod11_centroid,119.0,TF
TIME:hist_b12,119.0,TIME
TF:WPT_daad_entropy,117.0,TF
TF:WPT_addd_max,117.0,TF
TIME:std_peak_interval,115.0,TIME
TF:WPT_aaaa_min,114.0,TF
TF:glcm_33_correlation_d2_a2,114.0,TF
TIME:hist_b3,113.0,TIME
TIME:env_crest,112.0,TIME
TF:tf_sparsity,112.0,TF
FREQ:spec_kurt,111.0,FREQ
TF:WPT_daad_tk_max,111.0,TF
TIME:burst_count,110.0,TIME
TF:Et_p25,110.0,TF
TF:DWT_L0_max,110.0,TF
TF:DWT_L2_iqr,110.0,TF
TF:WPT_addd_range,109.0,TF
TF:glcm_53_correlation_d3_a2,108.0,TF
TF:DWT_L4_range,108.0,TF
TF:WPT_adaa_max,108.0,TF
FREQ:cepstral_5,108.0,FREQ
TF:WPT_aada_tk_max,108.0,TF
FREQ:psd_min,107.0,FREQ
TF:glcm_73_correlation_d4_a2,107.0,TF
TF:WPT_ddaa_max,106.0,TF
TF:tfband_4,106.0,TF
TF:WPT_daaa_entropy,106.0,TF
TF:DWT_L2_tk_mean,105.0,TF
TF:WPT_dadd_max,105.0,TF
TIME:min,105.0,TIME
TF:WPT_dadd_range,104.0,TF
TF:WPT_aadd_range,104.0,TF
FREQ:spec_centroid,103.0,FREQ
TIME:above_3std_frac,103.0,TIME
TF:glcm_65_contrast_d4_a1,103.0,TF
TIME:max,103.0,TIME
TF:WPT_dada_range,102.0,TF
TIME:burst_mean_gap,102.0,TIME
TF:WPT_adad_min,102.0,TF
TIME:env_skew,101.0,TIME
TF:WPT_daaa_kurt,101.0,TF
TIME:hist_b4,100.0,TIME
TF:glcm_45_contrast_d3_a1,100.0,TF
TF:Et_max,100.0,TF
TF:WPT_aada_min,99.0,TF
TF:WPT_adad_max,99.0,TF
TIME:hist_b11,98.0,TIME
TF:DWT_L0_mean,98.0,TF
TF:WPT_ddad_max,98.0,TF
TF:WPT_aaaa_skew,98.0,TF
TF:DWT_L4_tk_max,98.0,TF
FREQ:cepstral_1,97.0,FREQ
TIME:burst_std_dur,97.0,TIME
TF:glcm_50_contrast_d3_a2,96.0,TF
TF:glcm_60_contrast_d4_a0,96.0,TF
TIME:d1_max_abs,96.0,TIME
TIME:hist_b6,95.0,TIME
TF:WPT_aaad_zcr,95.0,TF
TIME:env_kurt,95.0,TIME
TF:WPT_dddd_iqr,95.0,TF
TF:WPT_ddad_min,94.0,TF
TIME:katz_fd,94.0,TIME
TF:DWT_L0_skew,93.0,TF
TF:WPT_aada_range,93.0,TF
FREQ:spec_decrease,93.0,FREQ
TF:WPT_dddd_kurt,93.0,TF
TF:WPT_aaaa_mean,92.0,TF
TF:WPT_ddaa_iqr,92.0,TF
TF:DWT_L3_range,91.0,TF
TF:DWT_L6_min,91.0,TF
TF:WPT_ddad_kurt,91.0,TF
TIME:zcr,90.0,TIME
TF:DWT_L5_entropy,90.0,TF
TF:WPT_adda_entropy,90.0,TF
TF:WPT_ddda_kurt,89.0,TF
FREQ:spec_skew,89.0,FREQ
TF:WPT_ddda_entropy,88.0,TF
TF:WPT_aaaa_entropy,88.0,TF
TF:DWT_L1_var,87.0,TF
TIME:energy_gini,87.0,TIME
TF:stft_kurt,86.0,TF
TF:WPT_daaa_tk_max,86.0,TF
TF:stft_skew,86.0,TF
TIME:mean_peak_interval,86.0,TIME
TF:WPT_adad_range,86.0,TF
TF:stft_p75,85.0,TF
TF:DWT_L2_mad,85.0,TF
TF:WPT_adda_min,85.0,TF
TF:WPT_daad_max,84.0,TF
TF:Ef_rolloff99,84.0,TF
TF:Ef_max,83.0,TF
FREQ:hist_b22,83.0,FREQ
TF:WPT_ddad_skew,83.0,TF
TF:WPT_ddaa_mad,83.0,TF
TF:glcm_30_contrast_d2_a2,83.0,TF
TF:WPT_daaa_tk_std,82.0,TF
TF:WPT_ddda_min,82.0,TF
TF:WPT_daaa_range,81.0,TF
FREQ:pow_max,81.0,FREQ
TIME:hist_b9,81.0,TIME
FREQ:spec_spread,81.0,FREQ
TF:DWT_L6_kurt,80.0,TF
TF:WPT_dddd_entropy,80.0,TF
TF:WPT_aaad_entropy,80.0,TF
TF:glcm_10_contrast_d1_a2,78.0,TF
TF:WPT_daaa_mad,78.0,TF
TF:WPT_aaad_kurt,78.0,TF
TIME:hist_b5,77.0,TIME
FREQ:bandP_4,76.0,FREQ
TF:stft_p50,76.0,TF
TF:DWT_L1_energy,76.0,TF
TF:stft_max,75.0,TF
TF:WPT_aaaa_kurt,75.0,TF
TF:WPT_adda_iqr,75.0,TF
TIME:hist_b10,75.0,TIME
TF:WPT_daad_range,75.0,TF
TF:WPT_dddd_mad,75.0,TF
TF:WPT_adad_iqr,74.0,TF
TF:WPT_aaaa_range,74.0,TF
TF:WPT_aaad_skew,73.0,TF
TF:WPT_adda_max,72.0,TF
TF:WPT_adaa_abs_mean,72.0,TF
TF:Et_entropy,71.0,TF
TF:DWT_L1_std,71.0,TF
TF:WPT_ddda_tk_mean,71.0,TF
TF:DWT_L3_iqr,71.0,TF
TF:WPT_daaa_abs_mean,70.0,TF
TF:WPT_adda_tk_mean,70.0,TF
TF:WPT_ddda_iqr,70.0,TF
TF:DWT_L0_range,70.0,TF
TF:WPT_ddda_mad,70.0,TF
TF:WPT_dddd_min,70.0,TF
TF:WPT_adda_kurt,70.0,TF
TIME:kurt,69.0,TIME
TF:WPT_adad_tk_max,69.0,TF
TF:WPT_adaa_kurt,69.0,TF
TIME:above_1std_frac,68.0,TIME
TIME:n_valleys,68.0,TIME
FREQ:spec_flatness,68.0,FREQ
TF:WPT_dddd_max,68.0,TF
TF:lbp_b31,67.0,TF
TF:glcm_55_contrast_d3_a3,67.0,TF
TF:WPT_dada_iqr,67.0,TF
TF:WPT_ddaa_abs_mean,67.0,TF
FREQ:bandP_rel_3,66.0,FREQ
TF:DWT_L6_max,66.0,TF
TF:WPT_aada_tk_std,66.0,TF
TF:WPT_daaa_tk_mean,66.0,TF
TIME:env_entropy,65.0,TIME
TF:DWT_L5_kurt,65.0,TF
TF:WPT_adaa_iqr,65.0,TF
TF:WPT_dddd_tk_mean,65.0,TF
TF:WPT_daad_mad,64.0,TF
TF:tf_elongation,64.0,TF
TF:WPT_adaa_mad,64.0,TF
TF:WPT_aada_iqr,64.0,TF
TF:WPT_ddad_entropy,64.0,TF
TF:WPT_ddaa_kurt,63.0,TF
TF:Et_range,63.0,TF
TF:stft_rms,63.0,TF
TF:WPT_adda_tk_std,63.0,TF
TF:WPT_addd_mad,63.0,TF
TF:glcm_57_homogeneity_d3_a3,63.0,TF
TF:DWT_L3_mad,63.0,TF
TF:WPT_adaa_range,63.0,TF
TF:WPT_dddd_abs_mean,62.0,TF
TIME:hist_contrast,62.0,TIME
TF:WPT_ddad_mad,62.0,TF
TF:DWT_L5_max,62.0,TF
TIME:max_abs,61.0,TIME
TF:WPT_aaad_median,60.0,TF
TF:Et_std,60.0,TF
TIME:p2p,60.0,TIME
TF:glcm_42_homogeneity_d3_a0,60.0,TF
TF:WPT_adad_mad,58.0,TF
TF:stft_std,58.0,TF
TF:WPT_dddd_range,58.0,TF
TF:DWT_L1_log_energy,58.0,TF
TF:WPT_ddda_max,58.0,TF
TF:WPT_ddad_range,58.0,TF
FREQ:hist_b21,57.0,FREQ
TF:WPT_dadd_iqr,57.0,TF
TF:WPT_aada_tk_mean,57.0,TF
TF:WPT_ddad_tk_max,56.0,TF
TIME:margin_factor,56.0,TIME
TIME:energy_entropy,56.0,TIME
FREQ:ratio_low_mid,56.0,FREQ
TF:WPT_dadd_mad,56.0,TF
TF:WPT_aadd_iqr,55.0,TF
TF:WPT_daad_tk_std,55.0,TF
TIME:n_peaks,54.0,TIME
TF:WPT_dddd_tk_std,54.0,TF
TF:WPT_addd_iqr,54.0,TF
FREQ:spec_entropy_shannon,54.0,FREQ
TF:DWT_L5_tk_max,53.0,TF
TF:WPT_adad_tk_mean,53.0,TF
TF:WPT_ddad_iqr,53.0,TF
TIME:impulse_factor,53.0,TIME
TF:DWT_L1_rms,53.0,TF
TF:glcm_40_contrast_d3_a0,53.0,TF
TF:DWT_L3_tk_std,53.0,TF
TF:WPT_aada_mad,53.0,TF
TF:WPT_adaa_skew,52.0,TF
TIME:hist_entropy,52.0,TIME
TF:WPT_daad_iqr,52.0,TF
TF:glcm_77_homogeneity_d4_a3,52.0,TF
TF:DWT_L5_min,50.0,TF
FREQ:spec_slope,50.0,FREQ
TF:Et_mean,50.0,TF
TF:WPT_adda_tk_max,50.0,TF
TF:WPT_ddda_tk_max,50.0,TF
TF:WPT_adda_rel_energy,50.0,TF
TF:WPT_ddad_tk_std,50.0,TF
TF:DWT_L3_tk_mean,49.0,TF
TF:WPT_dddd_rel_energy,49.0,TF
TF:WPT_addd_tk_mean,49.0,TF
TIME:iqr,49.0,TIME
TF:glcm_72_homogeneity_d4_a2,48.0,TF
TF:WPT_ddaa_entropy,48.0,TF
FREQ:spec_entropy_renyi,48.0,FREQ
TF:glcm_52_homogeneity_d3_a2,47.0,TF
TF:WPT_dada_tk_std,47.0,TF
TF:WPT_daad_tk_mean,47.0,TF
TF:WPT_daaa_iqr,47.0,TF
TF:glcm_47_homogeneity_d3_a1,47.0,TF
TF:Ef_rolloff95,47.0,TF
TF:WPT_adad_tk_std,47.0,TF
TF:WPT_aadd_tk_std,47.0,TF
TF:WPT_band_flatness,46.0,TF
TF:WPT_ddaa_mean,46.0,TF
TF:WPT_daaa_rel_energy,46.0,TF
TF:DWT_L5_tk_std,46.0,TF
TIME:mad,46.0,TIME
FREQ:pow_std,46.0,FREQ
TF:WPT_ddda_tk_std,46.0,TF
FREQ:bandP_rel_0,46.0,FREQ
TF:glcm_62_homogeneity_d4_a0,45.0,TF
TF:glcm_17_homogeneity_d1_a3,45.0,TF
TF:WPT_aaad_mean,45.0,TF
TF:WPT_dada_mad,45.0,TF
TIME:max_peak_amp,44.0,TIME
TF:WPT_adda_mad,44.0,TF
TF:glcm_7_homogeneity_d1_a1,43.0,TF
TF:WPT_ddad_tk_mean,43.0,TF
TF:glcm_20_contrast_d2_a0,43.0,TF
TF:DWT_L4_mad,42.0,TF
TF:WPT_ddda_abs_mean,42.0,TF
TF:glcm_15_contrast_d1_a3,42.0,TF
TF:DWT_L0_var,42.0,TF
TF:WPT_adaa_mean,42.0,TF
TF:glcm_22_homogeneity_d2_a0,42.0,TF
TF:WPT_aadd_tk_mean,42.0,TF
TF:DWT_L6_range,41.0,TF
TIME:shape_factor,40.0,TIME
TF:WPT_adaa_tk_mean,40.0,TF
TF:DWT_L6_tk_std,40.0,TF
TF:DWT_L6_tk_max,40.0,TF
TF:glcm_12_homogeneity_d1_a2,40.0,TF
TF:WPT_dadd_tk_std,40.0,TF
TF:WPT_ddda_rel_energy,39.0,TF
TF:WPT_ddad_abs_mean,39.0,TF
TF:WPT_adaa_entropy,39.0,TF
TF:WPT_dadd_tk_mean,39.0,TF
TF:tf_burstiness,39.0,TF
TIME:tkeo_std,39.0,TIME
TF:WPT_adda_range,39.0,TF
TF:WPT_dddd_tk_max,39.0,TF
TF:glcm_0_contrast_d1_a0,39.0,TF
TF:Ef_entropy,38.0,TF
TF:DWT_L4_iqr,38.0,TF
TF:DWT_L4_tk_std,38.0,TF
TF:das_transient_index,38.0,TF
TF:DWT_L0_std,38.0,TF
TF:DWT_L5_mean,38.0,TF
TF:WPT_daaa_log_energy,37.0,TF
TF:DWT_L5_range,37.0,TF
TF:glcm_32_homogeneity_d2_a2,37.0,TF
TF:WPT_aadd_mad,36.0,TF
TF:glcm_2_homogeneity_d1_a0,36.0,TF
FREQ:mag_range,36.0,FREQ
TF:WPT_ddda_range,36.0,TF
TF:DWT_L6_iqr,36.0,TF
TF:glcm_67_homogeneity_d4_a1,36.0,TF
TF:tf_occupancy,36.0,TF
TF:DWT_L2_p2p,36.0,TF
TF:DWT_L2_std,35.0,TF
TF:WPT_adaa_tk_max,35.0,TF
TF:WPT_addd_tk_std,35.0,TF
TF:WPT_adad_abs_mean,35.0,TF
TF:WPT_aaad_min,35.0,TF
TF:DWT_L0_energy,35.0,TF
TF:WPT_aaad_abs_mean,35.0,TF
TIME:rms_to_mad,35.0,TIME
TF:WPT_daad_abs_mean,35.0,TF
TIME:env_std,35.0,TIME
TIME:mean_abs,35.0,TIME
TF:WPT_addd_rel_energy,34.0,TF
TF:WPT_dada_tk_mean,34.0,TF
TF:stft_entropy,33.0,TF
TF:WPT_aadd_abs_mean,32.0,TF
TF:WPT_band_spread,32.0,TF
TF:DWT_L0_log_energy,32.0,TF
TF:DWT_L1_p2p,32.0,TF
TF:Ef_iqr,32.0,TF
FREQ:mag_mean,31.0,FREQ
TF:WPT_adda_abs_mean,31.0,TF
TF:glcm_5_contrast_d1_a1,31.0,TF
TF:WPT_dddd_log_energy,30.0,TF
TF:WPT_ddad_rel_energy,30.0,TF
TF:WPT_aaad_max,30.0,TF
TF:DWT_L5_iqr,30.0,TF
TIME:env_mean,29.0,TIME
TF:WPT_adad_rel_energy,29.0,TF
FREQ:bandP_6,29.0,FREQ
FREQ:bandP_5,29.0,FREQ
TF:WPT_aaad_rel_energy,29.0,TF
TF:WPT_aada_rel_energy,29.0,TF
TF:DWT_L2_log_energy,28.0,TF
TF:stft_p90,28.0,TF
TF:DWT_L5_mad,27.0,TF
TF:WPT_ddaa_tk_max,26.0,TF
TF:WPT_aaad_tk_max,26.0,TF
TF:WPT_aadd_rel_energy,26.0,TF
FREQ:hist_b20,26.0,FREQ
TF:Ef_centroid,26.0,TF
TF:WPT_aada_abs_mean,26.0,TF
TF:DWT_L0_rms,25.0,TF
TF:DWT_L2_energy,25.0,TF
TF:WPT_ddaa_tk_mean,25.0,TF
TF:WPT_dada_rel_energy,25.0,TF
TF:stft_gini,25.0,TF
TF:WPT_adaa_tk_std,25.0,TF
TF:glcm_16_energy_d1_a3,24.0,TF
TF:das_low_high_ratio,24.0,TF
TF:WPT_dada_p2p,24.0,TF
TF:WPT_daad_rel_energy,24.0,TF
TF:glcm_51_energy_d3_a2,23.0,TF
TF:WPT_ddaa_log_energy,23.0,TF
TF:glcm_56_energy_d3_a3,23.0,TF
TF:WPT_ddda_std,23.0,TF
TF:WPT_dadd_rel_energy,23.0,TF
TF:Ef_rolloff85,23.0,TF
TF:WPT_band_entropy,22.0,TF
TF:glcm_41_energy_d3_a0,22.0,TF
TF:DWT_L6_mad,22.0,TF
TF:glcm_46_energy_d3_a1,21.0,TF
TF:WPT_adda_std,21.0,TF
TF:WPT_dddd_var,21.0,TF
TF:glcm_21_energy_d2_a0,21.0,TF
TF:WPT_ddaa_rel_energy,21.0,TF
TF:WPT_adad_p2p,21.0,TF
TF:glcm_6_energy_d1_a1,21.0,TF
TF:WPT_dadd_abs_mean,21.0,TF
TF:DWT_L4_tk_mean,21.0,TF
TF:WPT_dadd_p2p,20.0,TF
TF:DWT_L3_std,20.0,TF
FREQ:mag_std,20.0,FREQ
FREQ:bandP_rel_4,20.0,FREQ
TIME:autocorr_lag10,20.0,TIME
TF:WPT_daad_std,20.0,TF
TF:WPT_dddd_std,19.0,TF
TF:glcm_76_energy_d4_a3,19.0,TF
TF:WPT_aaaa_p2p,19.0,TF
TF:WPT_addd_abs_mean,19.0,TF
TF:WPT_addd_p2p,18.0,TF
TF:glcm_11_energy_d1_a2,18.0,TF
TF:WPT_ddaa_tk_std,18.0,TF
TIME:zcr_rate,18.0,TIME
TF:WPT_ddaa_range,18.0,TF
FREQ:psd_max,18.0,FREQ
TF:WPT_adaa_log_energy,18.0,TF
TF:WPT_ddda_rms,18.0,TF
TF:WPT_ddda_log_energy,18.0,TF
TF:WPT_dddd_energy,18.0,TF
TF:WPT_ddad_log_energy,18.0,TF
TF:glcm_38_correlation_d2_a3,18.0,TF
TF:WPT_adaa_var,18.0,TF
TF:WPT_dada_abs_mean,17.0,TF
TF:WPT_adaa_rel_energy,17.0,TF
TF:WPT_daaa_var,17.0,TF
TF:WPT_dddd_p2p,17.0,TF
TF:DWT_L2_var,17.0,TF
TF:WPT_dada_log_energy,17.0,TF
TF:stft_range,17.0,TF
TF:glcm_31_energy_d2_a2,17.0,TF
TF:WPT_daaa_p2p,17.0,TF
TF:Ef_range,16.0,TF
TF:WPT_adad_std,16.0,TF
TF:glcm_64_entropy_d4_a0,16.0,TF
TF:WPT_daaa_rms,16.0,TF
FREQ:frac_low,16.0,FREQ
TF:glcm_1_energy_d1_a0,16.0,TF
TF:glcm_28_correlation_d2_a1,16.0,TF
TF:WPT_dadd_std,15.0,TF
TF:WPT_daad_energy,15.0,TF
TF:WPT_ddad_std,15.0,TF
TF:WPT_daaa_energy,15.0,TF
TF:DWT_L0_p2p,15.0,TF
TF:WPT_adda_log_energy,15.0,TF
TF:WPT_adaa_p2p,15.0,TF
TF:glcm_71_energy_d4_a2,15.0,TF
TF:glcm_61_energy_d4_a0,15.0,TF
TF:glcm_66_energy_d4_a1,14.0,TF
FREQ:hist_b19,14.0,FREQ
TF:WPT_ddda_energy,14.0,TF
TF:WPT_aaad_mad,14.0,TF
TF:WPT_aadd_p2p,14.0,TF
FREQ:ratio_low_high,14.0,FREQ
TF:WPT_low_high_ratio,14.0,TF
TF:WPT_aaaa_std,14.0,TF
TIME:burst_rate,13.0,TIME
TF:glcm_44_entropy_d3_a0,13.0,TF
TF:WPT_aada_std,13.0,TF
TF:WPT_adda_energy,13.0,TF
TF:DWT_L3_p2p,13.0,TF
TF:WPT_aada_log_energy,13.0,TF
TF:WPT_daaa_std,13.0,TF
FREQ:frac_high,13.0,FREQ
TF:DWT_L4_p2p,13.0,TF
TF:WPT_ddda_var,13.0,TF
TF:DWT_L2_rms,13.0,TF
TF:glcm_25_contrast_d2_a1,13.0,TF
TF:WPT_daad_log_energy,13.0,TF
TF:WPT_ddad_energy,13.0,TF
TIME:peak_rate,13.0,TIME
TF:WPT_aadd_log_energy,13.0,TF
TF:WPT_aaad_tk_std,13.0,TF
TF:DWT_L6_tk_mean,12.0,TF
TF:WPT_aaad_iqr,12.0,TF
TF:WPT_ddda_p2p,12.0,TF
TF:glcm_9_entropy_d1_a1,12.0,TF
TF:WPT_aadd_energy,12.0,TF
TF:WPT_adad_energy,12.0,TF
TF:glcm_27_homogeneity_d2_a1,12.0,TF
TF:WPT_adaa_std,12.0,TF
TF:DWT_L5_tk_mean,11.0,TF
TF:WPT_ddad_rms,11.0,TF
TIME:hjorth_complexity,11.0,TIME
TF:WPT_aadd_std,11.0,TF
TIME:autocorr_lag1,11.0,TIME
TF:WPT_dada_std,11.0,TF
TF:WPT_ddad_p2p,11.0,TF
TF:WPT_aaad_tk_mean,11.0,TF
TF:WPT_dadd_log_energy,11.0,TF
TF:WPT_daad_rms,11.0,TF
TIME:d2_std,10.0,TIME
TIME:clearance_factor,10.0,TIME
TF:glcm_69_entropy_d4_a1,10.0,TF
TF:WPT_aada_p2p,10.0,TF
TF:glcm_19_entropy_d1_a3,10.0,TF
TF:WPT_addd_std,10.0,TF
TF:DWT_L3_energy,10.0,TF
TF:glcm_37_homogeneity_d2_a3,10.0,TF
TF:WPT_adda_var,10.0,TF
TF:DWT_L6_p2p,10.0,TF
TF:WPT_daad_p2p,10.0,TF
FREQ:bandP_rel_6,10.0,FREQ
TF:glcm_24_entropy_d2_a0,10.0,TF
TF:WPT_ddaa_var,10.0,TF
TF:glcm_14_entropy_d1_a2,10.0,TF
TF:WPT_aadd_var,10.0,TF
TF:WPT_dada_energy,10.0,TF
TF:WPT_ddaa_rms,9.0,TF
TF:WPT_adad_rms,9.0,TF
TF:WPT_adad_log_energy,9.0,TF
TF:DWT_L4_var,9.0,TF
TF:glcm_35_contrast_d2_a3,9.0,TF
TIME:crest_factor,9.0,TIME
FREQ:bandP_rel_5,9.0,FREQ
TF:WPT_adda_p2p,9.0,TF
TF:WPT_addd_energy,8.0,TF
TF:WPT_daad_var,8.0,TF
TIME:d1_std,8.0,TIME
TF:WPT_adad_var,8.0,TF
TF:WPT_adaa_energy,8.0,TF
TF:glcm_54_entropy_d3_a2,8.0,TF
TF:WPT_aada_rms,8.0,TF
TF:WPT_aada_var,8.0,TF
TIME:range_over_std,8.0,TIME
TF:WPT_dada_var,8.0,TF
TF:glcm_59_entropy_d3_a3,8.0,TF
TF:WPT_dada_rms,8.0,TF
TF:glcm_74_entropy_d4_a2,8.0,TF
TF:WPT_ddad_var,8.0,TF
TF:WPT_band_centroid,8.0,TF
TF:glcm_79_entropy_d4_a3,8.0,TF
TF:glcm_49_entropy_d3_a1,8.0,TF
TF:glcm_4_entropy_d1_a0,7.0,TF
TF:DWT_L5_p2p,7.0,TF
TIME:d2_mean_abs,7.0,TIME
TF:WPT_aaaa_log_energy,7.0,TF
TF:WPT_adda_rms,7.0,TF
TF:WPT_aada_energy,7.0,TF
TF:WPT_aaaa_energy,7.0,TF
TF:DWT_L4_std,7.0,TF
TF:WPT_ddaa_std,6.0,TF
TF:Ef_mean,6.0,TF
TF:WPT_addd_log_energy,6.0,TF
TF:DWT_L4_log_energy,6.0,TF
TF:DWT_L6_log_energy,5.0,TF
TF:WPT_adaa_rms,5.0,TF
TF:glcm_26_energy_d2_a1,5.0,TF
TF:DWT_L3_log_energy,5.0,TF
TF:WPT_aaaa_var,5.0,TF
TF:DWT_L6_std,5.0,TF
TF:WPT_aaaa_rel_energy,5.0,TF
TF:WPT_dddd_rms,5.0,TF
TF:WPT_aadd_rms,5.0,TF
FREQ:psd_range,5.0,FREQ
TF:DWT_L5_var,5.0,TF
TF:WPT_ddaa_p2p,5.0,TF
TF:WPT_ddaa_energy,5.0,TF
TIME:tkeo_mean,4.0,TIME
FREQ:peak1_amp,4.0,FREQ
TF:glcm_34_entropy_d2_a2,4.0,TF
TF:WPT_dadd_var,4.0,TF
TF:DWT_L5_std,4.0,TF
TF:DWT_L3_var,4.0,TF
TF:WPT_dadd_rms,4.0,TF
TF:WPT_dadd_energy,3.0,TF
TF:WPT_aaad_range,3.0,TF
TF:WPT_aaad_p2p,3.0,TF
TF:DWT_L5_log_energy,3.0,TF
TF:WPT_addd_var,3.0,TF
TF:WPT_aaaa_rms,3.0,TF
TF:DWT_L5_rms,3.0,TF
TIME:d1_mean_abs,3.0,TIME
TF:DWT_L6_var,2.0,TF
TF:DWT_L4_energy,2.0,TF
TF:WPT_addd_rms,2.0,TF
TF:glcm_36_energy_d2_a3,2.0,TF
TF:glcm_29_entropy_d2_a1,1.0,TF
TF:DWT_L3_rms,1.0,TF
FREQ:ratio_high_tail,1.0,FREQ
TIME:waveform_length,1.0,TIME
FREQ:pow_mean,1.0,FREQ
TF:DWT_L6_rms,1.0,TF
TF:glcm_39_entropy_d2_a3,1.0,TF
TF:DWT_L4_rms,1.0,TF
TIME:mean_power,0.0,TIME
TF:DWT_L5_energy,0.0,TF
SPAT:sp_n_clusters,0.0,SPAT
TIME:sem,0.0,TIME
SPAT:sp_cluster_mean,0.0,SPAT
SPAT:sp_cluster_max,0.0,SPAT
SPAT:sp_cluster_std,0.0,SPAT
SPAT:sp_coverage,0.0,SPAT
SPAT:st_std,0.0,SPAT
TIME:log_energy,0.0,TIME
TIME:var,0.0,TIME
TIME:zero_frac,0.0,TIME
SPAT:st_energy,0.0,SPAT
TIME:rms,0.0,TIME
TIME:energy,0.0,TIME
TF:DWT_L6_energy,0.0,TF
SPAT:sp_active50,0.0,SPAT
SPAT:sp_smoothness,0.0,SPAT
FREQ:hist_b8,0.0,FREQ
FREQ:hist_b13,0.0,FREQ
FREQ:hist_b12,0.0,FREQ
FREQ:hist_b11,0.0,FREQ
FREQ:hist_b10,0.0,FREQ
FREQ:hist_b9,0.0,FREQ
TIME:hjorth_activity,0.0,TIME
TIME:hjorth_mobility,0.0,TIME
FREQ:hist_b7,0.0,FREQ
FREQ:hist_b18,0.0,FREQ
FREQ:hist_b6,0.0,FREQ
FREQ:hist_b5,0.0,FREQ
FREQ:hist_b4,0.0,FREQ
FREQ:hist_b3,0.0,FREQ
FREQ:hist_b2,0.0,FREQ
FREQ:hist_b1,0.0,FREQ
FREQ:hist_b0,0.0,FREQ
FREQ:hist_b14,0.0,FREQ
TIME:std,0.0,TIME
FREQ:hist_b15,0.0,FREQ
FREQ:hist_b16,0.0,FREQ
TF:WPT_aaad_std,0.0,TF
TF:WPT_aaad_var,0.0,TF
SPAT:sp_top3_frac,0.0,SPAT
SPAT:sp_max_frac,0.0,SPAT
SPAT:sp_flatness,0.0,SPAT
SPAT:sp_entropy,0.0,SPAT
TF:WPT_aaad_energy,0.0,TF
TF:WPT_aaad_log_energy,0.0,TF
TF:WPT_aaad_rms,0.0,TF
FREQ:hist_b17,0.0,FREQ
SPAT:sp_active_frac,0.0,SPAT
SPAT:sp_active10,0.0,SPAT
SPAT:sp_width,0.0,SPAT
SPAT:sp_spread,0.0,SPAT
SPAT:sp_centroid,0.0,SPAT
TIME:autocorr_peak,0.0,TIME
