,car,construction,fence,longboard,manipulation,openclose,regular,running,walk
car,0.6666666666666666,0.0,0.0,0.0,0.0,0.0,0.3333333333333333,0.0,0.0
construction,0.0,1.0,0.0,0.0,0.0,0.0,0.0,0.0,0.0
fence,0.0,0.0,0.5,0.0,0.0,0.0,0.3333333333333333,0.0,0.16666666666666666
longboard,0.0,0.0,0.0,1.0,0.0,0.0,0.0,0.0,0.0
manipulation,0.0,0.0,0.0,0.0,1.0,0.0,0.0,0.0,0.0
openclose,0.0,0.0,0.0,0.0,0.0,0.0,0.0,0.0,1.0
regular,0.0,0.0,0.0,0.0,0.0,0.0,0.0,0.0,0.0
running,0.0,0.0,0.0,0.0,0.4,0.0,0.0,0.6,0.0
walk,0.375,0.0,0.0,0.0,0.0,0.0,0.0,0.0,0.625
