feature,domain,std,abs_max
TIME:mean,time,1.8279697e-17,5.3776428e-17
TIME:std,time,0.0,1.0
TIME:var,time,0.0,1.0
TIME:skew,time,0.4423234,3.5777748
TIME:kurt,time,2.740899,39.003872
TIME:min,time,0.9236245,9.134117
TIME:max,time,1.1077824,14.980126
TIME:p2p,time,1.469003,19.697605
TIME:median,time,0.04728609,0.28535706
TIME:mad,time,0.1012626,0.9345138
TIME:iqr,time,0.20233057,1.8764871
TIME:p1,time,0.3818415,4.439352
TIME:p5,time,0.11145035,1.9763497
TIME:p10,time,0.11636072,1.3965038
TIME:p25,time,0.10126583,0.93881434
TIME:p75,time,0.10793509,0.93767273
TIME:p90,time,0.13222092,1.5538952
TIME:p95,time,0.12330504,2.1114032
TIME:p99,time,0.44675702,4.955528
TIME:max_abs,time,1.1492796,14.980126
TIME:mean_abs,time,0.054442253,0.88736993
TIME:rms_to_mad,time,0.64258826,9.994374
TIME:trimmed_mean10,time,0.025484068,0.14656624
TIME:sem,time,6.7055225e-08,0.011048543
TIME:range_over_std,time,1.469003,19.697605
TIME:zero_frac,time,0.0,0.0
TIME:rms,time,0.0,1.0
TIME:energy,time,0.0,8192.0
TIME:log_energy,time,3.0517578e-05,3.91339
TIME:mean_power,time,0.0,1.0
TIME:crest_factor,time,1.1492796,14.980126
TIME:impulse_factor,time,1.9948674,26.95082
TIME:margin_factor,time,2.908234,36.38116
TIME:shape_factor,time,0.118301995,2.1466572
TIME:clearance_factor,time,1.9948674,26.95082
TIME:energy_entropy,time,0.36726978,3.3191094
TIME:energy_centroid,time,0.9044643,7.4120793
TIME:energy_spread,time,0.48056856,3.9988835
TIME:energy_gini,time,0.17584871,0.8172102
TIME:seg_energy_0,time,0.0830933,0.50915927
TIME:seg_energy_1,time,0.07279339,0.5677189
TIME:seg_energy_2,time,0.060975976,0.6084083
TIME:seg_energy_3,time,0.0759683,0.64913756
TIME:seg_energy_4,time,0.053005233,0.47802696
TIME:seg_energy_5,time,0.06577615,0.6793994
TIME:seg_energy_6,time,0.06883506,0.61467224
TIME:seg_energy_7,time,0.07404799,0.72747785
TIME:seg_energy_8,time,0.050356872,0.35645893
TIME:seg_energy_9,time,0.07389499,0.5453381
TIME:zcr,time,244.63281,923.0
TIME:zcr_rate,time,298.6603,1126.8466
TIME:n_peaks,time,66.433784,287.0
TIME:n_valleys,time,66.91394,302.0
TIME:peak_rate,time,162.19183,700.6836
TIME:mean_peak_amp,time,0.17665005,3.4189334
TIME:std_peak_amp,time,0.2152846,2.5148456
TIME:max_peak_amp,time,1.1077824,14.980126
TIME:mean_peak_interval,time,23.603035,191.775
TIME:std_peak_interval,time,94.15694,870.33105
TIME:activity_factor,time,0.021353692,0.9500365
TIME:above_1std_frac,time,0.0453851,0.45532227
TIME:above_2std_frac,time,0.00992442,0.08862305
TIME:above_3std_frac,time,0.007128942,0.03942871
TIME:longest_run_above,time,72.1259,355.0
TIME:autocorr_lag1,time,0.019513099,0.999709
TIME:autocorr_lag10,time,0.35481402,0.9885573
TIME:autocorr_first_zero,time,63.565926,230.0
TIME:autocorr_peak,time,0.019513099,0.999709
TIME:d1_mean_abs,time,0.07798314,0.27585912
TIME:d1_std,time,0.09660188,0.3466611
TIME:d1_max_abs,time,0.48288313,3.6245246
TIME:d2_mean_abs,time,0.03783671,0.13110295
TIME:d2_std,time,0.04693036,0.16435026
TIME:ssc_rate,time,0.01118692,0.15763126
TIME:waveform_length,time,638.76025,2259.562
TIME:hjorth_activity,time,0.0,1.0
TIME:hjorth_mobility,time,0.09660188,0.3466611
TIME:hjorth_complexity,time,2.3331187,17.381044
TIME:katz_fd,time,0.43729,3.5030026
TIME:higuchi_fd,time,0.03379889,0.27437323
TIME:tkeo_mean,time,0.07351174,0.22682531
TIME:tkeo_std,time,0.07981683,0.58373505
TIME:env_mean,time,0.085831255,1.3845587
TIME:env_std,time,0.11766851,1.2150977
TIME:env_skew,time,0.6565941,4.989588
TIME:env_kurt,time,4.164927,36.11957
TIME:env_entropy,time,0.13724801,12.967947
TIME:env_crest,time,1.6691289,17.203417
TIME:burst_count,time,58.300873,219.0
TIME:burst_rate,time,142.33615,534.66797
TIME:burst_mean_dur,time,19.679066,182.71428
TIME:burst_std_dur,time,43.417603,380.85922
TIME:burst_mean_gap,time,92.08376,1187.8334
TIME:burst_occupancy,time,0.018403187,0.20678711
TIME:hist_b0,time,0.0052588726,0.059448242
TIME:hist_b1,time,0.016661024,0.20227051
TIME:hist_b2,time,0.03489657,0.33496094
TIME:hist_b3,time,0.05455086,0.62316895
TIME:hist_b4,time,0.061343443,0.44555664
TIME:hist_b5,time,0.06842252,0.44995117
TIME:hist_b6,time,0.07381551,0.6871338
TIME:hist_b7,time,0.066522606,0.48046875
TIME:hist_b8,time,0.061242815,0.42407227
TIME:hist_b9,time,0.0649072,0.36254883
TIME:hist_b10,time,0.05874086,0.41125488
TIME:hist_b11,time,0.040057227,0.30200195
TIME:hist_b12,time,0.021860478,0.21899414
TIME:hist_b13,time,0.011072541,0.11230469
TIME:hist_b14,time,0.004795457,0.053833008
TIME:hist_b15,time,0.001725908,0.014892578
TIME:hist_entropy,time,0.30332917,3.814265
TIME:hist_contrast,time,1.816039,16.06289
FREQ:mag_mean,freq,9.035001,39.68727
FREQ:mag_std,freq,2.8225725,90.18883
FREQ:mag_min,freq,7.585846e-14,3.7814196e-13
FREQ:mag_max,freq,1031.5065,5166.9805
FREQ:mag_range,freq,1031.5065,5166.9805
FREQ:pow_mean,freq,0.00048419516,8190.001
FREQ:pow_std,freq,75912.36,417881.9
FREQ:pow_max,freq,4721253.0,26697688.0
FREQ:spec_centroid,freq,187.27005,1285.2428
FREQ:spec_spread,freq,153.37486,1639.0614
FREQ:spec_rolloff85,freq,208.94241,1921.3867
FREQ:spec_rolloff,freq,210.6599,4379.883
FREQ:spec_flatness,freq,0.033793803,0.19119076
FREQ:spec_skew,freq,8.432506,48.247627
FREQ:spec_kurt,freq,376.17212,2712.7136
FREQ:spec_slope,freq,0.0039541195,0.018285183
FREQ:peak1_freq,freq,198.30704,1523.4375
FREQ:peak1_amp,freq,1031.5065,5166.9805
FREQ:peak2_freq,freq,252.2658,1557.6172
FREQ:peak2_amp,freq,566.15564,3498.944
FREQ:peak_count,freq,26.944265,350.0
FREQ:peak_ratio,freq,0.2309249,0.9991043
FREQ:bandP_0,freq,9001866.0,33016760.0
FREQ:bandP_1,freq,4981636.0,30430970.0
FREQ:bandP_2,freq,2691853.5,29642496.0
FREQ:bandP_3,freq,1525007.5,13630490.0
FREQ:bandP_4,freq,2555864.2,10712549.0
FREQ:bandP_5,freq,4823910.5,14920882.0
FREQ:bandP_6,freq,1601409.5,5460598.0
FREQ:bandP_rel_0,freq,0.2682765,0.9839761
FREQ:bandP_rel_1,freq,0.14846432,0.9069136
FREQ:bandP_rel_2,freq,0.080223486,0.8834152
FREQ:bandP_rel_3,freq,0.045448765,0.40622026
FREQ:bandP_rel_4,freq,0.07617069,0.31925884
FREQ:bandP_rel_5,freq,0.14376374,0.44467694
FREQ:bandP_rel_6,freq,0.047725715,0.1627385
FREQ:ratio_low_mid,freq,50.818058,494.65393
FREQ:ratio_mid_high,freq,7.232189,79.44311
FREQ:ratio_low_high,freq,29.92856,358.88666
FREQ:ratio_high_tail,freq,0.047725715,0.1627385
FREQ:frac_low,freq,0.30403972,0.995215
FREQ:frac_mid,freq,0.10114588,0.8889873
FREQ:frac_high,freq,0.26458678,0.8166149
FREQ:spec_entropy_shannon,freq,1.9138348,9.189177
FREQ:spec_entropy_renyi,freq,2.2299604,8.7555485
FREQ:spec_decrease,freq,0.008637505,0.05599517
FREQ:psd_max,freq,0.028816255,0.16294976
FREQ:psd_min,freq,0.0,8.727499e-34
FREQ:psd_range,freq,0.028816255,0.16294976
FREQ:hist_b0,freq,1.4551915e-11,0.00024408103
FREQ:hist_b1,freq,0.0,0.0
FREQ:hist_b2,freq,0.0,0.0
FREQ:hist_b3,freq,0.0,0.0
FREQ:hist_b4,freq,0.0,0.0
FREQ:hist_b5,freq,0.0,0.0
FREQ:hist_b6,freq,0.0,0.0
FREQ:hist_b7,freq,0.0,0.0
FREQ:hist_b8,freq,0.0,0.0
FREQ:hist_b9,freq,0.0,0.0
FREQ:hist_b10,freq,0.0,0.0
FREQ:hist_b11,freq,0.0,0.0
FREQ:hist_b12,freq,0.0,0.0
FREQ:hist_b13,freq,0.0,0.0
FREQ:hist_b14,freq,0.0,0.0
FREQ:hist_b15,freq,0.0,0.0
FREQ:hist_b16,freq,0.0,0.0
FREQ:hist_b17,freq,0.0,0.0
FREQ:hist_b18,freq,1.0493901e-05,0.00024408103
FREQ:hist_b19,freq,0.002175352,0.04198194
FREQ:hist_b20,freq,0.02463989,0.4015133
FREQ:hist_b21,freq,0.06536383,0.5381987
FREQ:hist_b22,freq,0.12973447,0.63046134
FREQ:hist_b23,freq,0.2080701,0.7171101
FREQ:hist_b24,freq,0.22487837,0.71247256
FREQ:hist_b25,freq,0.2083673,0.6939224
FREQ:hist_b26,freq,0.11669294,0.68049794
FREQ:hist_b27,freq,0.023385,0.17695875
FREQ:hist_b28,freq,0.032409564,0.13668539
FREQ:hist_b29,freq,0.039590336,0.14083476
FREQ:hist_b30,freq,0.052087232,0.13863803
FREQ:hist_b31,freq,0.024412367,0.095191605
FREQ:hist_entropy,freq,0.34179014,3.2044694
FREQ:cepstral_1,freq,0.26323688,2.1681588
FREQ:cepstral_2,freq,0.10025684,1.043868
FREQ:cepstral_3,freq,0.04145435,0.45884052
FREQ:cepstral_4,freq,0.06353718,0.2634689
FREQ:cepstral_5,freq,0.047659267,0.21449557
FREQ:cepstral_6,freq,0.028613884,0.20201065
FREQ:cepstral_7,freq,0.025484292,0.13098888
FREQ:cepstral_8,freq,0.019673223,0.11033503
TF:stft_mean,tf,0.0003701908,0.0042314655
TF:stft_std,tf,0.021425474,0.1088326
TF:stft_min,tf,5.902388e-20,5.328025e-19
TF:stft_max,tf,1.2726681,8.42229
TF:stft_range,tf,1.2726681,8.42229
TF:stft_p10,tf,3.9911544e-17,1.7910778e-16
TF:stft_p25,tf,3.2188305e-16,1.4515176e-15
TF:stft_p50,tf,4.3712835e-11,1.5168823e-10
TF:stft_p75,tf,4.5261746e-05,0.00015528062
TF:stft_p90,tf,0.0032945178,0.009791172
TF:stft_skew,tf,12.70674,70.89997
TF:stft_kurt,tf,957.94507,6096.228
TF:stft_entropy,tf,1.6579651,11.110626
TF:stft_crest,tf,17.262262,95.18499
TF:stft_rms,tf,0.02132247,0.1088862
TF:stft_gini,tf,0.036329,0.9975098
TF:Et_mean,tf,0.09513904,1.0874866
TF:Et_std,tf,0.48360935,2.7963884
TF:Et_min,tf,0.15195069,0.53477085
TF:Et_max,tf,2.4456797,17.33655
TF:Et_range,tf,2.55678,17.297045
TF:Et_p25,tf,0.17624697,0.69574517
TF:Et_p75,tf,0.2133978,1.6112503
TF:Et_iqr,tf,0.28537852,1.4494045
TF:Et_skew,tf,1.2299713,6.2085495
TF:Et_kurt,tf,7.4560537,41.34622
TF:Et_entropy,tf,0.46511045,5.915027
TF:Et_centroid,tf,5.597192,48.337727
TF:Et_spread,tf,2.9122257,25.39874
TF:Ef_centroid,tf,318.18338,971.93976
TF:Ef_spread,tf,164.20917,640.7674
TF:Ef_skew,tf,3.726859,12.663357
TF:Ef_kurt,tf,51.23131,172.38017
TF:Ef_flatness,tf,2.3041247e-07,7.09603e-07
TF:Ef_rolloff85,tf,606.21234,1640.625
TF:Ef_rolloff95,tf,609.57336,1914.0625
TF:Ef_rolloff99,tf,475.52878,2187.5
TF:Ef_mean,tf,0.022581637,0.2581194
TF:Ef_std,tf,0.6590804,2.8406203
TF:Ef_min,tf,2.2730135e-15,9.610145e-15
TF:Ef_max,tf,9.143911,37.429855
TF:Ef_range,tf,9.143911,37.429855
TF:Ef_p25,tf,2.0325389e-14,1.1322079e-13
TF:Ef_p75,tf,0.0053217844,0.02096062
TF:Ef_iqr,tf,0.0053217844,0.02096062
TF:Ef_entropy,tf,1.4308642,5.769227
TF:Ef_peak_freq,tf,372.05124,1445.3125
TF:Ef_peak_amp,tf,9.76301,37.429855
TF:Ef_n_peaks,tf,5.085966,17.0
TF:Ef_harmonic_ratio,tf,0.1212653,0.57379043
TF:flux_mean,tf,0.044159252,0.54096735
TF:flux_std,tf,0.103956304,0.5639668
TF:flux_max,tf,0.3862968,2.548487
TF:divergence_mean,tf,0.106610216,1.1447077
TF:divergence_std,tf,0.29226214,1.682325
TF:coherence_mean,tf,0.014479244,0.96537566
TF:coherence_std,tf,0.023701796,0.124526925
TF:novelty,tf,0.15974133,0.7776088
TF:mod0_centroid,tf,1.5050147,14.711005
TF:mod0_spread,tf,0.6736813,10.879038
TF:mod0_entropy,tf,0.18204585,4.853127
TF:mod1_centroid,tf,1.102218,14.543996
TF:mod1_spread,tf,0.39153033,9.050374
TF:mod1_entropy,tf,0.09822482,4.7698617
TF:mod2_centroid,tf,0.95030403,14.245599
TF:mod2_spread,tf,0.3636298,9.085953
TF:mod2_entropy,tf,0.080664374,4.7807384
TF:mod3_centroid,tf,0.84185314,14.474306
TF:mod3_spread,tf,0.37142447,9.13511
TF:mod3_entropy,tf,0.07502253,4.7707505
TF:mod4_centroid,tf,0.90452015,14.441522
TF:mod4_spread,tf,0.38065213,8.976902
TF:mod4_entropy,tf,0.07826313,4.769971
TF:mod5_centroid,tf,0.88202137,14.978563
TF:mod5_spread,tf,0.37569672,9.025303
TF:mod5_entropy,tf,0.07383314,4.7718797
TF:mod6_centroid,tf,0.87809074,14.331648
TF:mod6_spread,tf,0.3820674,9.161829
TF:mod6_entropy,tf,0.07764196,4.7756534
TF:mod7_centroid,tf,0.84004253,14.836771
TF:mod7_spread,tf,0.4402937,9.941164
TF:mod7_entropy,tf,0.07401348,4.777342
TF:mod8_centroid,tf,0.9892831,15.3843155
TF:mod8_spread,tf,0.4382439,10.078752
TF:mod8_entropy,tf,0.07253414,4.8398232
TF:mod9_centroid,tf,1.2971448,14.281424
TF:mod9_spread,tf,0.37354466,9.711075
TF:mod9_entropy,tf,0.07549168,4.8488383
TF:mod10_centroid,tf,1.479919,11.5624485
TF:mod10_spread,tf,0.42798677,9.124569
TF:mod10_entropy,tf,0.077111915,4.8519588
TF:mod11_centroid,tf,2.0974722,10.578226
TF:mod11_spread,tf,1.2449142,9.1489935
TF:mod11_entropy,tf,0.08119686,4.895656
TF:tfband_0,tf,7.852861,37.429855
TF:tfband_1,tf,8.673825,28.841642
TF:tfband_2,tf,6.5825763,37.24081
TF:tfband_3,tf,2.4883757,28.383663
TF:tfband_4,tf,1.8107507,13.570872
TF:DWT_L0_mean,tf,0.4463258,1.3799452
TF:DWT_L0_std,tf,1.6229401,8.838827
TF:DWT_L0_var,tf,17.864994,78.12486
TF:DWT_L0_skew,tf,0.9975896,3.4659529
TF:DWT_L0_kurt,tf,3.1919823,20.580368
TF:DWT_L0_min,tf,6.87268,40.199272
TF:DWT_L0_max,tf,7.912602,50.508266
TF:DWT_L0_range,tf,12.471933,87.32002
TF:DWT_L0_median,tf,0.43426216,2.4039867
TF:DWT_L0_iqr,tf,2.5819333,14.209863
TF:DWT_L0_mad,tf,1.2740773,7.267025
TF:DWT_L0_energy,tf,2400.554,10723.9
TF:DWT_L0_log_energy,tf,0.27802584,4.0303526
TF:DWT_L0_rms,tf,1.6233983,8.945899
TF:DWT_L0_entropy,tf,0.6174642,6.546083
TF:DWT_L0_zcr,tf,0.10914156,0.6616541
TF:DWT_L0_p2p,tf,12.471933,87.32002
TF:DWT_L0_tk_mean,tf,22.863747,111.07712
TF:DWT_L0_tk_std,tf,46.33024,304.87546
TF:DWT_L0_tk_max,tf,327.06683,2442.739
TF:DWT_L1_mean,tf,0.14278242,0.8425455
TF:DWT_L1_std,tf,0.6820383,4.938664
TF:DWT_L1_var,tf,2.7505634,24.390402
TF:DWT_L1_skew,tf,0.4481823,3.747008
TF:DWT_L1_kurt,tf,4.020844,45.567776
TF:DWT_L1_min,tf,2.571742,19.042517
TF:DWT_L1_max,tf,2.6601663,21.317284
TF:DWT_L1_range,tf,4.980288,36.415215
TF:DWT_L1_median,tf,0.1631094,0.8426035
TF:DWT_L1_iqr,tf,0.9021544,5.7590885
TF:DWT_L1_mad,tf,0.45757106,2.8484268
TF:DWT_L1_energy,tf,369.61417,3268.314
TF:DWT_L1_log_energy,tf,0.40850756,3.5143237
TF:DWT_L1_rms,tf,0.68327516,4.938664
TF:DWT_L1_entropy,tf,0.49766943,6.276065
TF:DWT_L1_zcr,tf,0.0645957,0.7669173
TF:DWT_L1_p2p,tf,4.980288,36.415215
TF:DWT_L1_tk_mean,tf,2.4586298,18.00461
TF:DWT_L1_tk_std,tf,5.9198437,38.067703
TF:DWT_L1_tk_max,tf,44.47741,405.24857
TF:DWT_L2_mean,tf,0.10216148,0.49942085
TF:DWT_L2_std,tf,0.6421891,3.047079
TF:DWT_L2_var,tf,1.8521947,9.284692
TF:DWT_L2_skew,tf,0.26968879,2.0843828
TF:DWT_L2_kurt,tf,3.7810059,51.492176
TF:DWT_L2_min,tf,2.1074235,22.121172
TF:DWT_L2_max,tf,2.2054343,19.765043
TF:DWT_L2_range,tf,4.180789,41.886215
TF:DWT_L2_median,tf,0.11941094,0.48403373
TF:DWT_L2_iqr,tf,0.8843443,3.6541855
TF:DWT_L2_mad,tf,0.44426027,1.8118728
TF:DWT_L2_energy,tf,486.8851,2438.0715
TF:DWT_L2_log_energy,tf,0.48831418,3.3870463
TF:DWT_L2_rms,tf,0.6433146,3.050511
TF:DWT_L2_entropy,tf,0.39988816,7.2130733
TF:DWT_L2_zcr,tf,0.041054245,0.7203065
TF:DWT_L2_p2p,tf,4.180789,41.886215
TF:DWT_L2_tk_mean,tf,1.8593816,8.322253
TF:DWT_L2_tk_std,tf,3.8074038,42.30864
TF:DWT_L2_tk_max,tf,33.37863,506.02652
TF:DWT_L3_mean,tf,0.07394753,0.29544058
TF:DWT_L3_std,tf,0.6635621,2.4213731
TF:DWT_L3_var,tf,1.8169413,5.863048
TF:DWT_L3_skew,tf,0.1859899,1.923642
TF:DWT_L3_kurt,tf,2.9428072,36.21165
TF:DWT_L3_min,tf,2.164037,12.744521
TF:DWT_L3_max,tf,2.2246265,16.249647
TF:DWT_L3_range,tf,4.2848086,26.843185
TF:DWT_L3_median,tf,0.08727556,0.33586308
TF:DWT_L3_iqr,tf,0.915594,3.4373252
TF:DWT_L3_mad,tf,0.45857182,1.7381666
TF:DWT_L3_energy,tf,943.22614,3041.0164
TF:DWT_L3_log_energy,tf,0.5559176,3.4830189
TF:DWT_L3_rms,tf,0.66428655,2.4229503
TF:DWT_L3_entropy,tf,0.31838235,8.119855
TF:DWT_L3_zcr,tf,0.0293924,0.6943907
TF:DWT_L3_p2p,tf,4.2848086,26.843185
TF:DWT_L3_tk_mean,tf,1.82072,5.935595
TF:DWT_L3_tk_std,tf,3.257878,17.64655
TF:DWT_L3_tk_max,tf,27.002699,308.90234
TF:DWT_L4_mean,tf,0.006643412,0.030856228
TF:DWT_L4_std,tf,0.4473408,1.5814588
TF:DWT_L4_var,tf,0.8059894,2.5010118
TF:DWT_L4_skew,tf,0.12911347,1.6550385
TF:DWT_L4_kurt,tf,3.775705,58.454075
TF:DWT_L4_min,tf,1.5828291,9.245761
TF:DWT_L4_max,tf,1.5821968,9.593865
TF:DWT_L4_range,tf,3.0772808,16.769802
TF:DWT_L4_median,tf,0.024784578,0.09217406
TF:DWT_L4_iqr,tf,0.61622405,2.1442826
TF:DWT_L4_mad,tf,0.3082368,1.0721176
TF:DWT_L4_energy,tf,830.202,2576.198
TF:DWT_L4_log_energy,tf,0.5832838,3.4109793
TF:DWT_L4_rms,tf,0.44734985,1.5815066
TF:DWT_L4_entropy,tf,0.31240863,9.080528
TF:DWT_L4_zcr,tf,0.0137343155,0.76676387
TF:DWT_L4_p2p,tf,3.0772808,16.769802
TF:DWT_L4_tk_mean,tf,0.7492739,2.4749568
TF:DWT_L4_tk_std,tf,1.0857904,6.592123
TF:DWT_L4_tk_max,tf,11.266363,75.286995
TF:DWT_L5_mean,tf,0.000371015,0.0012739619
TF:DWT_L5_std,tf,0.093863435,0.3286034
TF:DWT_L5_var,tf,0.03508677,0.10798019
TF:DWT_L5_skew,tf,0.17165937,1.9415613
TF:DWT_L5_kurt,tf,7.051476,99.374435
TF:DWT_L5_min,tf,0.58951265,3.2013495
TF:DWT_L5_max,tf,0.60364985,3.292729
TF:DWT_L5_range,tf,1.172241,5.9714203
TF:DWT_L5_median,tf,0.0034722008,0.014800756
TF:DWT_L5_iqr,tf,0.12892292,0.45202667
TF:DWT_L5_mad,tf,0.06447153,0.22598028
TF:DWT_L5_energy,tf,72.03329,221.68336
TF:DWT_L5_log_energy,tf,0.5937907,2.3457332
TF:DWT_L5_rms,tf,0.093863554,0.32860342
TF:DWT_L5_entropy,tf,0.3554071,10.035613
TF:DWT_L5_zcr,tf,0.010983296,0.7334308
TF:DWT_L5_p2p,tf,1.172241,5.9714203
TF:DWT_L5_tk_mean,tf,0.037120257,0.114072785
TF:DWT_L5_tk_std,tf,0.054449253,0.31791243
TF:DWT_L5_tk_max,tf,1.7923588,13.360008
TF:DWT_L6_mean,tf,4.849401e-06,1.51444565e-05
TF:DWT_L6_std,tf,0.0069975113,0.024311824
TF:DWT_L6_var,tf,0.00019439775,0.00059106475
TF:DWT_L6_skew,tf,0.08230077,0.76899797
TF:DWT_L6_kurt,tf,5.4793468,62.239872
TF:DWT_L6_min,tf,0.04321936,0.24101862
TF:DWT_L6_max,tf,0.043374285,0.2311657
TF:DWT_L6_range,tf,0.083927274,0.4270182
TF:DWT_L6_median,tf,0.00015193132,0.0007357492
TF:DWT_L6_iqr,tf,0.00962478,0.033642307
TF:DWT_L6_mad,tf,0.004812115,0.016814083
TF:DWT_L6_energy,tf,0.7968368,2.4227746
TF:DWT_L6_log_energy,tf,0.5969691,2.7281904
TF:DWT_L6_rms,tf,0.0069975113,0.024311824
TF:DWT_L6_entropy,tf,0.33654803,11.036427
TF:DWT_L6_zcr,tf,0.006531266,0.40971205
TF:DWT_L6_p2p,tf,0.083927274,0.4270182
TF:DWT_L6_tk_mean,tf,0.00033088386,0.0010162626
TF:DWT_L6_tk_std,tf,0.00038064015,0.0022205864
TF:DWT_L6_tk_max,tf,0.011037376,0.06832783
TF:WPT_aaaa_mean,tf,0.055060945,0.16739042
TF:WPT_aaaa_std,tf,0.53419566,4.055126
TF:WPT_aaaa_var,tf,3.4337876,16.44405
TF:WPT_aaaa_skew,tf,0.6454556,2.9584818
TF:WPT_aaaa_kurt,tf,3.060486,23.257467
TF:WPT_aaaa_min,tf,3.4374733,30.689306
TF:WPT_aaaa_max,tf,4.3017735,35.851254
TF:WPT_aaaa_range,tf,6.069488,48.804302
TF:WPT_aaaa_median,tf,0.20126154,1.1689214
TF:WPT_aaaa_iqr,tf,0.92249066,7.5251703
TF:WPT_aaaa_mad,tf,0.45420858,3.7438838
TF:WPT_aaaa_energy,tf,1778.3888,8522.134
TF:WPT_aaaa_log_energy,tf,0.14716221,3.9305484
TF:WPT_aaaa_rms,tf,0.53406686,4.056106
TF:WPT_aaaa_entropy,tf,0.45528883,8.479709
TF:WPT_aaaa_zcr,tf,0.13640156,0.54352033
TF:WPT_aaaa_p2p,tf,6.069488,48.804302
TF:WPT_aaaa_tk_mean,tf,1.9784129,18.266476
TF:WPT_aaaa_tk_std,tf,5.0732293,74.72931
TF:WPT_aaaa_tk_max,tf,83.23297,1030.1024
TF:WPT_aaaa_rel_energy,tf,0.21867692,0.99840677
TF:WPT_aaaa_abs_mean,tf,0.4096094,3.5059323
TF:WPT_aaad_mean,tf,0.07394753,0.29544058
TF:WPT_aaad_std,tf,0.6635621,2.4213731
TF:WPT_aaad_var,tf,1.8169413,5.863048
TF:WPT_aaad_skew,tf,0.1859899,1.923642
TF:WPT_aaad_kurt,tf,2.9428072,36.21165
TF:WPT_aaad_min,tf,2.164037,12.744521
TF:WPT_aaad_max,tf,2.2246265,16.249647
TF:WPT_aaad_range,tf,4.2848086,26.843185
TF:WPT_aaad_median,tf,0.08727556,0.33586308
TF:WPT_aaad_iqr,tf,0.915594,3.4373252
TF:WPT_aaad_mad,tf,0.45857182,1.7381666
TF:WPT_aaad_energy,tf,943.22614,3041.0164
TF:WPT_aaad_log_energy,tf,0.5559176,3.4830189
TF:WPT_aaad_rms,tf,0.66428655,2.4229503
TF:WPT_aaad_entropy,tf,0.31838235,8.119855
TF:WPT_aaad_zcr,tf,0.0293924,0.6943907
TF:WPT_aaad_p2p,tf,4.2848086,26.843185
TF:WPT_aaad_tk_mean,tf,1.82072,5.935595
TF:WPT_aaad_tk_std,tf,3.257878,17.64655
TF:WPT_aaad_tk_max,tf,27.002699,308.90234
TF:WPT_aaad_rel_energy,tf,0.11182747,0.36588535
TF:WPT_aaad_abs_mean,tf,0.5344389,1.94874
TF:WPT_aada_mean,tf,0.010609359,0.043882027
TF:WPT_aada_std,tf,0.2529766,0.9890324
TF:WPT_aada_var,tf,0.25543016,0.9781851
TF:WPT_aada_skew,tf,0.2390693,1.9507508
TF:WPT_aada_kurt,tf,2.449562,24.00625
TF:WPT_aada_min,tf,0.95299226,5.5983324
TF:WPT_aada_max,tf,0.9464481,5.4358
TF:WPT_aada_range,tf,1.7932696,10.431691
TF:WPT_aada_median,tf,0.021337323,0.09461279
TF:WPT_aada_iqr,tf,0.34424365,1.2368472
TF:WPT_aada_mad,tf,0.17216824,0.61815226
TF:WPT_aada_energy,tf,132.35356,506.70917
TF:WPT_aada_log_energy,tf,0.5921456,2.7047586
TF:WPT_aada_rms,tf,0.25301746,0.98904145
TF:WPT_aada_entropy,tf,0.2793485,8.106643
TF:WPT_aada_zcr,tf,0.020079741,0.7911025
TF:WPT_aada_p2p,tf,1.7932696,10.431691
TF:WPT_aada_tk_mean,tf,0.20306183,0.70911986
TF:WPT_aada_tk_std,tf,0.3753853,2.2763915
TF:WPT_aada_tk_max,tf,5.041333,41.21327
TF:WPT_aada_rel_energy,tf,0.015645083,0.06157931
TF:WPT_aada_abs_mean,tf,0.20194201,0.72838223
TF:WPT_aadd_mean,tf,0.066963814,0.23671679
TF:WPT_aadd_std,tf,0.58060825,2.079307
TF:WPT_aadd_var,tf,1.359636,4.323518
TF:WPT_aadd_skew,tf,0.22681239,2.3448946
TF:WPT_aadd_kurt,tf,4.1878996,69.143684
TF:WPT_aadd_min,tf,1.9182029,11.7082
TF:WPT_aadd_max,tf,1.8928597,11.492266
TF:WPT_aadd_range,tf,3.716948,22.161661
TF:WPT_aadd_median,tf,0.07786508,0.32224154
TF:WPT_aadd_iqr,tf,0.7992346,2.8590586
TF:WPT_aadd_mad,tf,0.40050134,1.4314083
TF:WPT_aadd_energy,tf,705.686,2240.2354
TF:WPT_aadd_log_energy,tf,0.5829417,3.3502936
TF:WPT_aadd_rms,tf,0.58116174,2.07961
TF:WPT_aadd_entropy,tf,0.3189396,8.090152
TF:WPT_aadd_zcr,tf,0.020629447,0.50096714
TF:WPT_aadd_p2p,tf,3.716948,22.161661
TF:WPT_aadd_tk_mean,tf,1.4305061,4.6663494
TF:WPT_aadd_tk_std,tf,2.3441832,13.089669
TF:WPT_aadd_tk_max,tf,18.008623,141.95496
TF:WPT_aadd_rel_energy,tf,0.08368028,0.2704122
TF:WPT_aadd_abs_mean,tf,0.4683271,1.6483282
TF:WPT_adaa_mean,tf,0.0031362765,0.010987509
TF:WPT_adaa_std,tf,0.025585094,0.14768901
TF:WPT_adaa_var,tf,0.0029296642,0.021812044
TF:WPT_adaa_skew,tf,6.5318046,12.638089
TF:WPT_adaa_kurt,tf,47.463505,181.70164
TF:WPT_adaa_min,tf,0.33657274,2.2890925
TF:WPT_adaa_max,tf,0.37120426,2.0874434
TF:WPT_adaa_range,tf,0.4811744,2.526669
TF:WPT_adaa_median,tf,0.00069565367,0.00318598
TF:WPT_adaa_iqr,tf,0.014285634,0.055869848
TF:WPT_adaa_mad,tf,0.0071678,0.028071525
TF:WPT_adaa_energy,tf,1.5259356,11.361175
TF:WPT_adaa_log_energy,tf,0.6664134,2.7584255
TF:WPT_adaa_rms,tf,0.02565676,0.14809716
TF:WPT_adaa_entropy,tf,1.6069474,8.026131
TF:WPT_adaa_zcr,tf,0.01568838,0.8123791
TF:WPT_adaa_p2p,tf,0.4811744,2.526669
TF:WPT_adaa_tk_mean,tf,0.0018314358,0.013502363
TF:WPT_adaa_tk_std,tf,0.045739595,0.3454886
TF:WPT_adaa_tk_max,tf,0.71133405,5.32119
TF:WPT_adaa_rel_energy,tf,0.00017029195,0.0012543717
TF:WPT_adaa_abs_mean,tf,0.009545511,0.038252313
TF:WPT_adad_mean,tf,0.007360533,0.029143654
TF:WPT_adad_std,tf,0.05365095,0.19600695
TF:WPT_adad_var,tf,0.011609092,0.038418725
TF:WPT_adad_skew,tf,0.30570182,2.2776587
TF:WPT_adad_kurt,tf,4.160824,75.92905
TF:WPT_adad_min,tf,0.2127368,1.5745984
TF:WPT_adad_max,tf,0.22183208,1.4781028
TF:WPT_adad_range,tf,0.38929632,2.0496821
TF:WPT_adad_median,tf,0.008326108,0.034552205
TF:WPT_adad_iqr,tf,0.07362526,0.26670524
TF:WPT_adad_mad,tf,0.036835145,0.13435009
TF:WPT_adad_energy,tf,6.0313473,19.91155
TF:WPT_adad_log_energy,tf,0.58420604,1.7195592
TF:WPT_adad_rms,tf,0.053731058,0.19605939
TF:WPT_adad_entropy,tf,0.3104219,8.108604
TF:WPT_adad_zcr,tf,0.019528564,0.42746615
TF:WPT_adad_p2p,tf,0.38929632,2.0496821
TF:WPT_adad_tk_mean,tf,0.011919247,0.03899915
TF:WPT_adad_tk_std,tf,0.020706605,0.12510289
TF:WPT_adad_tk_max,tf,0.32446465,2.6664987
TF:WPT_adad_rel_energy,tf,0.00071356597,0.002395694
TF:WPT_adad_abs_mean,tf,0.043084286,0.15492882
TF:WPT_adda_mean,tf,0.009539896,0.035767727
TF:WPT_adda_std,tf,0.13229713,0.4958074
TF:WPT_adda_var,tf,0.06899475,0.24582498
TF:WPT_adda_skew,tf,0.44943357,4.2737975
TF:WPT_adda_kurt,tf,8.619455,117.07544
TF:WPT_adda_min,tf,0.8409636,4.4517083
TF:WPT_adda_max,tf,0.8282523,4.4359326
TF:WPT_adda_range,tf,1.6147637,8.498605
TF:WPT_adda_median,tf,0.013054866,0.04868601
TF:WPT_adda_iqr,tf,0.17497353,0.6679906
TF:WPT_adda_mad,tf,0.08750444,0.32198742
TF:WPT_adda_energy,tf,35.770626,127.3737
TF:WPT_adda_log_energy,tf,0.6068742,2.1050797
TF:WPT_adda_rms,tf,0.13235389,0.4958782
TF:WPT_adda_entropy,tf,0.45245078,8.086757
TF:WPT_adda_zcr,tf,0.022968303,0.69052225
TF:WPT_adda_p2p,tf,1.6147637,8.498605
TF:WPT_adda_tk_mean,tf,0.065990895,0.24874204
TF:WPT_adda_tk_std,tf,0.20596291,1.2418957
TF:WPT_adda_tk_max,tf,3.464464,21.796482
TF:WPT_adda_rel_energy,tf,0.0042206277,0.014626017
TF:WPT_adda_abs_mean,tf,0.103408076,0.36488497
TF:WPT_addd_mean,tf,0.007637791,0.028169924
TF:WPT_addd_std,tf,0.12617914,0.45011762
TF:WPT_addd_var,tf,0.063670486,0.20260586
TF:WPT_addd_skew,tf,0.29577363,4.269827
TF:WPT_addd_kurt,tf,4.854178,63.478252
TF:WPT_addd_min,tf,0.42718035,2.7487133
TF:WPT_addd_max,tf,0.43484655,2.693217
TF:WPT_addd_range,tf,0.8405106,5.1451797
TF:WPT_addd_median,tf,0.011449488,0.041388825
TF:WPT_addd_iqr,tf,0.17438464,0.62153596
TF:WPT_addd_mad,tf,0.08747137,0.31095564
TF:WPT_addd_energy,tf,33.002514,104.97102
TF:WPT_addd_log_energy,tf,0.5908472,2.0210695
TF:WPT_addd_rms,tf,0.12621722,0.45016304
TF:WPT_addd_entropy,tf,0.34821624,8.132447
TF:WPT_addd_zcr,tf,0.021330101,0.6866538
TF:WPT_addd_p2p,tf,0.8405106,5.1451797
TF:WPT_addd_tk_mean,tf,0.06331569,0.20459227
TF:WPT_addd_tk_std,tf,0.102974996,0.48626396
TF:WPT_addd_tk_max,tf,0.88400245,7.247333
TF:WPT_addd_rel_energy,tf,0.003911655,0.012670742
TF:WPT_addd_abs_mean,tf,0.10172707,0.35811716
TF:WPT_daaa_mean,tf,0.00011367908,0.00043688007
TF:WPT_daaa_std,tf,0.0015644232,0.008546376
TF:WPT_daaa_var,tf,1.093961e-05,7.304054e-05
TF:WPT_daaa_skew,tf,7.4453115,21.277554
TF:WPT_daaa_kurt,tf,104.88903,470.85205
TF:WPT_daaa_min,tf,0.029574178,0.17902115
TF:WPT_daaa_max,tf,0.027769368,0.17893133
TF:WPT_daaa_range,tf,0.03628643,0.20177788
TF:WPT_daaa_median,tf,6.342009e-05,0.0002697681
TF:WPT_daaa_iqr,tf,0.0012922536,0.0048278365
TF:WPT_daaa_mad,tf,0.0006459041,0.0024119348
TF:WPT_daaa_energy,tf,0.005675594,0.03786578
TF:WPT_daaa_log_energy,tf,0.62592727,4.937066
TF:WPT_daaa_rms,tf,0.0015656349,0.008549851
TF:WPT_daaa_entropy,tf,1.761455,8.054214
TF:WPT_daaa_zcr,tf,0.015202592,0.8220503
TF:WPT_daaa_p2p,tf,0.03628643,0.20177788
TF:WPT_daaa_tk_mean,tf,2.5740171e-06,9.300843e-06
TF:WPT_daaa_tk_std,tf,1.1721531e-05,7.988316e-05
TF:WPT_daaa_tk_max,tf,0.000216955,0.0012235508
TF:WPT_daaa_rel_energy,tf,6.6788624e-07,4.348037e-06
TF:WPT_daaa_abs_mean,tf,0.00079236535,0.0029697446
TF:WPT_daad_mean,tf,0.0005977517,0.001969385
TF:WPT_daad_std,tf,0.0043930737,0.016562087
TF:WPT_daad_var,tf,7.786253e-05,0.00027430276
TF:WPT_daad_skew,tf,0.6089444,4.1157246
TF:WPT_daad_kurt,tf,5.7527533,49.390686
TF:WPT_daad_min,tf,0.023938157,0.18429972
TF:WPT_daad_max,tf,0.024148569,0.16163656
TF:WPT_daad_range,tf,0.03918498,0.22574925
TF:WPT_daad_median,tf,0.00063869834,0.0027074541
TF:WPT_daad_iqr,tf,0.0059660943,0.0219733
TF:WPT_daad_mad,tf,0.002987898,0.011092456
TF:WPT_daad_energy,tf,0.040457916,0.14259605
TF:WPT_daad_log_energy,tf,0.58402896,4.0028305
TF:WPT_daad_rms,tf,0.0043995557,0.016591623
TF:WPT_daad_entropy,tf,0.36693865,8.10698
TF:WPT_daad_zcr,tf,0.020196997,0.4410058
TF:WPT_daad_p2p,tf,0.03918498,0.22574925
TF:WPT_daad_tk_mean,tf,8.256312e-05,0.0002732541
TF:WPT_daad_tk_std,tf,0.00018322312,0.0014467888
TF:WPT_daad_tk_max,tf,0.0037160702,0.032229465
TF:WPT_daad_rel_energy,tf,4.7744306e-06,1.5743834e-05
TF:WPT_daad_abs_mean,tf,0.0035028986,0.012432171
TF:WPT_dada_mean,tf,0.0009609784,0.004016356
TF:WPT_dada_std,tf,0.0125889005,0.044793215
TF:WPT_dada_var,tf,0.00062561326,0.0020064323
TF:WPT_dada_skew,tf,0.18582651,1.9695151
TF:WPT_dada_kurt,tf,4.279799,60.915436
TF:WPT_dada_min,tf,0.04073855,0.2997235
TF:WPT_dada_max,tf,0.04008218,0.22089043
TF:WPT_dada_range,tf,0.07901482,0.5113696
TF:WPT_dada_median,tf,0.0013637716,0.006155869
TF:WPT_dada_iqr,tf,0.017279608,0.063190356
TF:WPT_dada_mad,tf,0.008634691,0.03117347
TF:WPT_dada_energy,tf,0.32442585,1.0401963
TF:WPT_dada_log_energy,tf,0.6038619,3.116265
TF:WPT_dada_rms,tf,0.0125959655,0.04481184
TF:WPT_dada_entropy,tf,0.3310142,8.10208
TF:WPT_dada_zcr,tf,0.02226276,0.6866538
TF:WPT_dada_p2p,tf,0.07901482,0.5113696
TF:WPT_dada_tk_mean,tf,0.00062128087,0.0020443222
TF:WPT_dada_tk_std,tf,0.0010447281,0.005776961
TF:WPT_dada_tk_max,tf,0.0079806,0.09108738
TF:WPT_dada_rel_energy,tf,3.8481165e-05,0.00012637059
TF:WPT_dada_abs_mean,tf,0.010130014,0.036063273
TF:WPT_dadd_mean,tf,0.00059144694,0.0022893585
TF:WPT_dadd_std,tf,0.011116632,0.040832523
TF:WPT_dadd_var,tf,0.0004943474,0.001667295
TF:WPT_dadd_skew,tf,0.18092014,1.8734702
TF:WPT_dadd_kurt,tf,3.3411493,65.60897
TF:WPT_dadd_min,tf,0.036198743,0.21790701
TF:WPT_dadd_max,tf,0.036166754,0.17156959
TF:WPT_dadd_range,tf,0.07043381,0.3894766
TF:WPT_dadd_median,tf,0.0010142409,0.004306972
TF:WPT_dadd_iqr,tf,0.0153044555,0.058358517
TF:WPT_dadd_mad,tf,0.0076575004,0.029327393
TF:WPT_dadd_energy,tf,0.25619742,0.8637759
TF:WPT_dadd_log_energy,tf,0.5925094,3.2428808
TF:WPT_dadd_rms,tf,0.01111934,0.04083529
TF:WPT_dadd_entropy,tf,0.28945088,8.101708
TF:WPT_dadd_zcr,tf,0.022051929,0.70599616
TF:WPT_dadd_p2p,tf,0.07043381,0.3894766
TF:WPT_dadd_tk_mean,tf,0.00047963476,0.0015554681
TF:WPT_dadd_tk_std,tf,0.0007612348,0.0026030994
TF:WPT_dadd_tk_max,tf,0.0059000254,0.03717251
TF:WPT_dadd_rel_energy,tf,3.035781e-05,0.00010401713
TF:WPT_dadd_abs_mean,tf,0.008945348,0.032676693
TF:WPT_ddaa_mean,tf,0.00031661786,0.0011245273
TF:WPT_ddaa_std,tf,0.0027072215,0.014813624
TF:WPT_ddaa_var,tf,2.9847697e-05,0.00021944348
TF:WPT_ddaa_skew,tf,9.845415,12.726326
TF:WPT_ddaa_kurt,tf,53.821194,173.55417
TF:WPT_ddaa_min,tf,0.03525072,0.23497003
TF:WPT_ddaa_max,tf,0.039449483,0.21525027
TF:WPT_ddaa_range,tf,0.05169351,0.27639434
TF:WPT_ddaa_median,tf,2.7928603e-05,0.00010272822
TF:WPT_ddaa_iqr,tf,0.00053872244,0.0020008865
TF:WPT_ddaa_mad,tf,0.00026948936,0.001006879
TF:WPT_ddaa_energy,tf,0.015549619,0.11432677
TF:WPT_ddaa_log_energy,tf,0.82464486,5.705877
TF:WPT_ddaa_rms,tf,0.0027152272,0.014856245
TF:WPT_ddaa_entropy,tf,1.7237799,8.019278
TF:WPT_ddaa_zcr,tf,0.016164493,0.8336557
TF:WPT_ddaa_p2p,tf,0.05169351,0.27639434
TF:WPT_ddaa_tk_mean,tf,2.0634636e-05,0.00015115779
TF:WPT_ddaa_tk_std,tf,0.00048839697,0.0035819975
TF:WPT_ddaa_tk_max,tf,0.0079423785,0.058107555
TF:WPT_ddaa_rel_energy,tf,1.7370271e-06,1.26226605e-05
TF:WPT_ddaa_abs_mean,tf,0.0004766211,0.00230163
TF:WPT_ddad_mean,tf,0.00010091494,0.00036106602
TF:WPT_ddad_std,tf,0.0011339762,0.005027021
TF:WPT_ddad_var,tf,5.2181026e-06,2.527094e-05
TF:WPT_ddad_skew,tf,1.8073848,9.620499
TF:WPT_ddad_kurt,tf,24.864553,181.88857
TF:WPT_ddad_min,tf,0.012214359,0.07615259
TF:WPT_ddad_max,tf,0.011060704,0.07794018
TF:WPT_ddad_range,tf,0.01982457,0.10700786
TF:WPT_ddad_median,tf,0.00013008369,0.0005622161
TF:WPT_ddad_iqr,tf,0.001407438,0.0051151486
TF:WPT_ddad_mad,tf,0.0007040903,0.0025331778
TF:WPT_ddad_energy,tf,0.0027062567,0.0130962385
TF:WPT_ddad_log_energy,tf,0.59986585,5.215523
TF:WPT_ddad_rms,tf,0.0011346773,0.0050281524
TF:WPT_ddad_entropy,tf,0.77651376,8.101255
TF:WPT_ddad_zcr,tf,0.02121443,0.5686654
TF:WPT_ddad_p2p,tf,0.01982457,0.10700786
TF:WPT_ddad_tk_mean,tf,5.6661943e-06,2.55629e-05
TF:WPT_ddad_tk_std,tf,3.3883218e-05,0.00024368125
TF:WPT_ddad_tk_max,tf,0.0007432492,0.005298375
TF:WPT_ddad_rel_energy,tf,3.140184e-07,1.4459378e-06
TF:WPT_ddad_abs_mean,tf,0.0008372136,0.002964699
TF:WPT_ddda_mean,tf,0.00093152246,0.0040858937
TF:WPT_ddda_std,tf,0.009244452,0.037832808
TF:WPT_ddda_var,tf,0.0003377974,0.0014313213
TF:WPT_ddda_skew,tf,0.42461327,3.338097
TF:WPT_ddda_kurt,tf,17.173376,171.58574
TF:WPT_ddda_min,tf,0.082511894,0.45136926
TF:WPT_ddda_max,tf,0.08337827,0.45290732
TF:WPT_ddda_range,tf,0.16480562,0.8564565
TF:WPT_ddda_median,tf,0.0011227847,0.0038868391
TF:WPT_ddda_iqr,tf,0.01170936,0.04256617
TF:WPT_ddda_mad,tf,0.0058663664,0.021544596
TF:WPT_ddda_energy,tf,0.17526603,0.74143517
TF:WPT_ddda_log_energy,tf,0.61298853,3.3593352
TF:WPT_ddda_rms,tf,0.009252214,0.03783308
TF:WPT_ddda_entropy,tf,0.69560295,8.180874
TF:WPT_ddda_zcr,tf,0.022723576,0.55705994
TF:WPT_ddda_p2p,tf,0.16480562,0.8564565
TF:WPT_ddda_tk_mean,tf,0.0003614386,0.0015459711
TF:WPT_ddda_tk_std,tf,0.002047324,0.013173153
TF:WPT_ddda_tk_max,tf,0.036926024,0.23381168
TF:WPT_ddda_rel_energy,tf,2.0714186e-05,8.789745e-05
TF:WPT_ddda_abs_mean,tf,0.0069716456,0.024825554
TF:WPT_dddd_mean,tf,0.00012680651,0.00043060802
TF:WPT_dddd_std,tf,0.004039164,0.015328793
TF:WPT_dddd_var,tf,6.481198e-05,0.00023497189
TF:WPT_dddd_skew,tf,0.33217856,1.9906368
TF:WPT_dddd_kurt,tf,8.000939,120.5393
TF:WPT_dddd_min,tf,0.0238314,0.12710088
TF:WPT_dddd_max,tf,0.024692794,0.1359796
TF:WPT_dddd_range,tf,0.046485256,0.25689507
TF:WPT_dddd_median,tf,0.00030027685,0.0012558398
TF:WPT_dddd_iqr,tf,0.005399451,0.020912783
TF:WPT_dddd_mad,tf,0.002695574,0.010146556
TF:WPT_dddd_energy,tf,0.033577833,0.121736966
TF:WPT_dddd_log_energy,tf,0.5993498,4.0541663
TF:WPT_dddd_rms,tf,0.004039484,0.015330149
TF:WPT_dddd_entropy,tf,0.42265242,8.104983
TF:WPT_dddd_zcr,tf,0.018742211,0.7756286
TF:WPT_dddd_p2p,tf,0.046485256,0.25689507
TF:WPT_dddd_tk_mean,tf,4.848449e-05,0.00015827928
TF:WPT_dddd_tk_std,tf,0.00013261294,0.0008308493
TF:WPT_dddd_tk_max,tf,0.0027507304,0.018599229
TF:WPT_dddd_rel_energy,tf,3.9671886e-06,1.4726213e-05
TF:WPT_dddd_abs_mean,tf,0.0031770668,0.01170795
TF:WPT_band_entropy,tf,0.6357468,1.9559251
TF:WPT_band_centroid,tf,0.44879353,1.383593
TF:WPT_band_spread,tf,0.40175498,1.4807569
TF:WPT_band_flatness,tf,0.0026611101,0.010141175
TF:WPT_low_high_ratio,tf,245861.47,4102699.5
TF:glcm_0_contrast_d1_a0,tf,0.1828322,2.1000648
TF:glcm_1_energy_d1_a0,tf,0.030023465,0.5425498
TF:glcm_2_homogeneity_d1_a0,tf,0.017253608,0.7858305
TF:glcm_3_correlation_d1_a0,tf,0.0006711482,0.99259037
TF:glcm_4_entropy_d1_a0,tf,0.24997532,5.519278
TF:glcm_5_contrast_d1_a1,tf,0.20633738,2.5533204
TF:glcm_6_energy_d1_a1,tf,0.030204877,0.5419179
TF:glcm_7_homogeneity_d1_a1,tf,0.018034551,0.76558185
TF:glcm_8_correlation_d1_a1,tf,0.00089043024,0.9907296
TF:glcm_9_entropy_d1_a1,tf,0.2542223,5.609091
TF:glcm_10_contrast_d1_a2,tf,0.17610902,2.0828638
TF:glcm_11_energy_d1_a2,tf,0.03034725,0.5441556
TF:glcm_12_homogeneity_d1_a2,tf,0.01818607,0.7989479
TF:glcm_13_correlation_d1_a2,tf,0.00074024306,0.9933146
TF:glcm_14_entropy_d1_a2,tf,0.25612807,5.512376
TF:glcm_15_contrast_d1_a3,tf,0.20548324,2.5602214
TF:glcm_16_energy_d1_a3,tf,0.030174945,0.5409599
TF:glcm_17_homogeneity_d1_a3,tf,0.018073065,0.7637332
TF:glcm_18_correlation_d1_a3,tf,0.0008955339,0.9907713
TF:glcm_19_entropy_d1_a3,tf,0.25408804,5.602115
TF:glcm_20_contrast_d2_a0,tf,0.2691173,3.874827
TF:glcm_21_energy_d2_a0,tf,0.029905459,0.53816664
TF:glcm_22_homogeneity_d2_a0,tf,0.018771892,0.75139385
TF:glcm_23_correlation_d2_a0,tf,0.001175998,0.9894805
TF:glcm_24_entropy_d2_a0,tf,0.25170258,5.6573787
TF:glcm_25_contrast_d2_a1,tf,0.20633738,2.5533204
TF:glcm_26_energy_d2_a1,tf,0.030204877,0.5419179
TF:glcm_27_homogeneity_d2_a1,tf,0.018034551,0.76558185
TF:glcm_28_correlation_d2_a1,tf,0.00089043024,0.9907296
TF:glcm_29_entropy_d2_a1,tf,0.2542223,5.609091
TF:glcm_30_contrast_d2_a2,tf,0.23437113,3.0041144
TF:glcm_31_energy_d2_a2,tf,0.030521618,0.5416316
TF:glcm_32_homogeneity_d2_a2,tf,0.020269059,0.7606797
TF:glcm_33_correlation_d2_a2,tf,0.001306112,0.99066794
TF:glcm_34_entropy_d2_a2,tf,0.26291373,5.6795783
TF:glcm_35_contrast_d2_a3,tf,0.20548324,2.5602214
TF:glcm_36_energy_d2_a3,tf,0.030174945,0.5409599
TF:glcm_37_homogeneity_d2_a3,tf,0.018073065,0.7637332
TF:glcm_38_correlation_d2_a3,tf,0.0008955339,0.9907713
TF:glcm_39_entropy_d2_a3,tf,0.25408804,5.602115
TF:glcm_40_contrast_d3_a0,tf,0.30181304,4.930431
TF:glcm_41_energy_d3_a0,tf,0.02984961,0.5374737
TF:glcm_42_homogeneity_d3_a0,tf,0.018561205,0.75513136
TF:glcm_43_correlation_d3_a0,tf,0.0015132704,0.9894023
TF:glcm_44_entropy_d3_a0,tf,0.24932837,5.66359
TF:glcm_45_contrast_d3_a1,tf,0.23625165,4.119774
TF:glcm_46_energy_d3_a1,tf,0.030188287,0.5377702
TF:glcm_47_homogeneity_d3_a1,tf,0.017810263,0.74443406
TF:glcm_48_correlation_d3_a1,tf,0.0016344833,0.9889061
TF:glcm_49_entropy_d3_a1,tf,0.25199032,5.687476
TF:glcm_50_contrast_d3_a2,tf,0.22389789,3.2014973
TF:glcm_51_energy_d3_a2,tf,0.030636683,0.5409659
TF:glcm_52_homogeneity_d3_a2,tf,0.019928183,0.7443412
TF:glcm_53_correlation_d3_a2,tf,0.0017010386,0.98940796
TF:glcm_54_entropy_d3_a2,tf,0.26457056,5.715182
TF:glcm_55_contrast_d3_a3,tf,0.23263632,4.0235295
TF:glcm_56_energy_d3_a3,tf,0.030166306,0.5384422
TF:glcm_57_homogeneity_d3_a3,tf,0.017998913,0.74243665
TF:glcm_58_correlation_d3_a3,tf,0.0015967416,0.9888615
TF:glcm_59_entropy_d3_a3,tf,0.25233078,5.69145
TF:glcm_60_contrast_d4_a0,tf,0.3199094,5.5308213
TF:glcm_61_energy_d4_a0,tf,0.029778965,0.5376052
TF:glcm_62_homogeneity_d4_a0,tf,0.018335616,0.757251
TF:glcm_63_correlation_d4_a0,tf,0.0017195251,0.98929465
TF:glcm_64_entropy_d4_a0,tf,0.24789633,5.657901
TF:glcm_65_contrast_d4_a1,tf,0.26011643,5.3121777
TF:glcm_66_energy_d4_a1,tf,0.030244596,0.537043
TF:glcm_67_homogeneity_d4_a1,tf,0.01740804,0.73948085
TF:glcm_68_correlation_d4_a1,tf,0.0022491915,0.9883433
TF:glcm_69_entropy_d4_a1,tf,0.25206912,5.718461
TF:glcm_70_contrast_d4_a2,tf,0.2230769,3.4411974
TF:glcm_71_energy_d4_a2,tf,0.030773025,0.54002064
TF:glcm_72_homogeneity_d4_a2,tf,0.019806901,0.73420125
TF:glcm_73_correlation_d4_a2,tf,0.00197495,0.9884309
TF:glcm_74_entropy_d4_a2,tf,0.26668888,5.7483015
TF:glcm_75_contrast_d4_a3,tf,0.25417396,5.1263914
TF:glcm_76_energy_d4_a3,tf,0.030242825,0.53657836
TF:glcm_77_homogeneity_d4_a3,tf,0.017646052,0.7378452
TF:glcm_78_correlation_d4_a3,tf,0.0021699732,0.98831403
TF:glcm_79_entropy_d4_a3,tf,0.25308055,5.7159724
TF:lbp_b0,tf,0.0054236813,0.085539326
TF:lbp_b1,tf,0.0012208301,0.018243287
TF:lbp_b2,tf,0.0032235966,0.044204887
TF:lbp_b3,tf,0.0024393061,0.051668048
TF:lbp_b4,tf,0.0002098827,0.0014033297
TF:lbp_b5,tf,0.00016315811,0.000893028
TF:lbp_b6,tf,0.0008480761,0.0088027045
TF:lbp_b7,tf,0.0016101925,0.02762008
TF:lbp_b8,tf,0.0024702942,0.04158959
TF:lbp_b9,tf,0.00061424536,0.007080436
TF:lbp_b10,tf,0.0010996058,0.012948906
TF:lbp_b11,tf,0.0008672949,0.01256618
TF:lbp_b12,tf,0.0008189372,0.008483766
TF:lbp_b13,tf,0.00040989884,0.003572112
TF:lbp_b14,tf,0.0016520281,0.02513236
TF:lbp_b15,tf,0.00221396,0.046501245
TF:lbp_b16,tf,0.0012702711,0.01983798
TF:lbp_b17,tf,0.00052030734,0.004911654
TF:lbp_b18,tf,0.00048366055,0.004784079
TF:lbp_b19,tf,0.00074698305,0.009695733
TF:lbp_b20,tf,0.0001282241,0.00076545257
TF:lbp_b21,tf,0.00014030711,0.00076545257
TF:lbp_b22,tf,0.0003693933,0.0029980226
TF:lbp_b23,tf,0.0009527133,0.012119666
TF:lbp_b24,tf,0.0021565272,0.043822158
TF:lbp_b25,tf,0.00073633087,0.009121643
TF:lbp_b26,tf,0.00076729717,0.008866493
TF:lbp_b27,tf,0.0012279148,0.016584806
TF:lbp_b28,tf,0.0011055614,0.012374816
TF:lbp_b29,tf,0.0009545086,0.010397398
TF:lbp_b30,tf,0.001829328,0.025515085
TF:lbp_b31,tf,0.023883719,0.6334758
TF:hog_b0,tf,0.0061767357,0.12943472
TF:hog_b1,tf,0.00394331,0.09005725
TF:hog_b2,tf,0.0031796733,0.07436079
TF:hog_b3,tf,0.00284279,0.062208068
TF:hog_b4,tf,0.0029129875,0.062075768
TF:hog_b5,tf,0.003293213,0.066835
TF:hog_b6,tf,0.004073365,0.07714239
TF:hog_b7,tf,0.005399281,0.09241128
TF:hog_b8,tf,0.00539713,0.093778275
TF:hog_b9,tf,0.004029007,0.07717916
TF:hog_b10,tf,0.0033657935,0.06755553
TF:hog_b11,tf,0.0030699214,0.062427044
TF:hog_b12,tf,0.002732362,0.06109265
TF:hog_b13,tf,0.002902288,0.06642359
TF:hog_b14,tf,0.0039164983,0.09544239
TF:hog_b15,tf,0.0062194397,0.14517592
TF:tf_area,tf,0.02997265,0.08796326
TF:tf_perimeter,tf,0.052345134,0.14333099
TF:tf_bbox_extent,tf,0.08548111,0.22957198
TF:tf_aspect_ratio,tf,6.6244383,20.333334
TF:tf_elongation,tf,6.62138,20.333334
TF:tf_ridge_density,tf,0.17152752,1.0
TF:tf_sparsity,tf,0.029972652,0.9983415
TF:tf_fill_ratio,tf,0.18516499,0.8113208
TF:tf_occupancy,tf,0.02997265,0.08796326
TF:tf_burstiness,tf,0.53124833,3.1853313
TF:tf_freq_time_var_ratio,tf,3.8913064,28.105345
TF:das_tonal_ratio,tf,2.7185652,11.972009
TF:das_transient_index,tf,1.230902,10.146336
TF:das_cyclostationary_index,tf,0.16840172,0.88831514
TF:das_low_high_ratio,tf,28.94212,387.35202
SPAT:sp_centroid,spatial,0.0,15.5
SPAT:sp_spread,spatial,1.9073486e-05,9.233092
SPAT:sp_width,spatial,0.0,31.0
SPAT:sp_active10,spatial,0.0,32.0
SPAT:sp_active50,spatial,0.0,32.0
SPAT:sp_active_frac,spatial,0.0,1.0
SPAT:sp_argmax,spatial,8.577314,31.0
SPAT:sp_q25,spatial,0.49669188,8.0
SPAT:sp_q50,spatial,0.4976765,16.0
SPAT:sp_q75,spatial,0.49420163,24.0
SPAT:sp_skew,spatial,0.6484875,5.1934233
SPAT:sp_kurt,spatial,2.291951,25.671309
SPAT:sp_gini,spatial,2.676289e-15,3.0087044e-14
SPAT:sp_entropy,spatial,0.0,5.0
SPAT:sp_flatness,spatial,0.0,1.0
SPAT:sp_max_frac,spatial,0.0,0.03125
SPAT:sp_top3_frac,spatial,0.0,0.09375
SPAT:sp_grad_mean_abs,spatial,2.3402048e-11,2.4788133e-10
SPAT:sp_grad_std,spatial,5.4223747e-11,5.851549e-10
SPAT:sp_grad_energy,spatial,9.681666e-19,1.0615469e-17
SPAT:sp_grad_max,spatial,2.6323013e-10,2.833076e-09
SPAT:sp_edge_density,spatial,0.15772372,0.9677419
SPAT:sp_smoothness,spatial,0.0,1.0
SPAT:sp_tv_norm,spatial,2.767422e-15,2.9313357e-14
SPAT:sp_n_clusters,spatial,0.0,1.0
SPAT:sp_cluster_mean,spatial,0.0,32.0
SPAT:sp_cluster_max,spatial,0.0,32.0
SPAT:sp_cluster_std,spatial,0.0,0.0
SPAT:sp_coverage,spatial,0.0,1.0
SPAT:st_mean,spatial,3.3178473e-18,1.1817804e-17
SPAT:st_std,spatial,0.0,1.0
SPAT:st_skew,spatial,0.22053319,1.5565939
SPAT:st_kurt,spatial,1.3115572,12.354081
SPAT:st_energy,spatial,0.0,262144.0
SPAT:st_entropy,spatial,0.20899372,17.148174
SPAT:st_active_dur_frac,spatial,0.046177037,0.21020508
SPAT:st_t_centroid,spatial,0.05443356,0.7706984
SPAT:st_t_spread,spatial,0.025497342,0.3605327
SPAT:st_burstiness,spatial,0.16722125,1.6108767
SPAT:st_t_max,spatial,0.0003832796,0.0030196244
SPAT:st_t_entropy,spatial,0.1292219,12.957512
SPAT:st_t_skew,spatial,2.424925,10.061465
SPAT:st_vel_mean,spatial,0.08751749,0.3568985
SPAT:st_vel_std,spatial,0.5197466,2.8196332
SPAT:st_direction,spatial,0.082599126,0.50244737
SPAT:st_linearity_r2,spatial,0.18145351,0.9013602
SPAT:st_traj_var,spatial,3.8653967,34.23742
SPAT:st_traj_range,spatial,3.2020626,18.481768
SPAT:st_traj_drift,spatial,2.7130418,11.063853
SPAT:st_grad_t_energy,spatial,7953.8843,27985.938
SPAT:st_grad_c_energy,spatial,51901.93,580285.5
SPAT:st_anisotropy,spatial,0.015862556,0.059205484
SPAT:st_edge_density_t,spatial,0.03517948,0.4253754
SPAT:st_edge_density_c,spatial,0.019235376,0.43561774
SPAT:st_grad_t_mean,spatial,0.05970224,0.2603174
SPAT:st_grad_c_mean,spatial,0.08906422,1.2068542
SPAT:st_grad_corr,spatial,0.02167369,0.11606772
SPAT:st_hist_energy,spatial,0.043521415,0.49966517
SPAT:st_hist_entropy,spatial,0.21859835,3.0916607
SPAT:st_hist_contrast,spatial,0.49667388,4.262611
SPAT:st_hist_uniformity,spatial,0.043521415,0.49966517
