feature,domain,std,abs_max
TIME:mean,time,1.8561063e-17,1.110223e-16
TIME:std,time,0.0,1.0
TIME:var,time,0.0,1.0
TIME:skew,time,0.4069362,8.411266
TIME:kurt,time,2.5238643,145.20024
TIME:min,time,0.9473157,12.730272
TIME:max,time,1.0137093,20.67285
TIME:p2p,time,1.459031,26.957426
TIME:median,time,0.04548182,0.55985445
TIME:mad,time,0.09328141,0.99652815
TIME:iqr,time,0.18898398,2.050245
TIME:p1,time,0.3450594,5.4257226
TIME:p5,time,0.10343125,2.5737302
TIME:p10,time,0.10590045,1.6951121
TIME:p25,time,0.09339694,1.0321391
TIME:p75,time,0.10126013,1.0741233
TIME:p90,time,0.11557217,1.8123372
TIME:p95,time,0.10819341,2.5008183
TIME:p99,time,0.40462947,5.920839
TIME:max_abs,time,1.0992026,20.67285
TIME:mean_abs,time,0.048714764,0.91301244
TIME:rms_to_mad,time,0.56764406,30.339367
TIME:trimmed_mean10,time,0.02239302,0.18853505
TIME:sem,time,2.7095559e-05,0.011048543
TIME:range_over_std,time,1.459031,26.957426
TIME:zero_frac,time,0.0,0.0
TIME:rms,time,0.0,1.0
TIME:energy,time,0.0,8192.0
TIME:log_energy,time,0.0012993554,3.91339
TIME:mean_power,time,0.0,1.0
TIME:crest_factor,time,1.0992026,20.67285
TIME:impulse_factor,time,1.853213,68.58932
TIME:margin_factor,time,2.7392814,136.6813
TIME:shape_factor,time,0.10294544,3.692575
TIME:clearance_factor,time,1.853213,68.58932
TIME:energy_entropy,time,0.33218396,3.321351
TIME:energy_centroid,time,0.86025095,8.975037
TIME:energy_spread,time,0.4149252,4.3443227
TIME:energy_gini,time,0.16369039,0.89639425
TIME:seg_energy_0,time,0.083441384,0.92000026
TIME:seg_energy_1,time,0.06017994,0.87579554
TIME:seg_energy_2,time,0.05751849,0.9019796
TIME:seg_energy_3,time,0.056978393,0.8845879
TIME:seg_energy_4,time,0.055040147,0.8856215
TIME:seg_energy_5,time,0.054521043,0.89486015
TIME:seg_energy_6,time,0.05496672,0.9104214
TIME:seg_energy_7,time,0.05440213,0.8910476
TIME:seg_energy_8,time,0.057612088,0.89505225
TIME:seg_energy_9,time,0.078533806,0.9913461
TIME:zcr,time,253.06374,955.0
TIME:zcr_rate,time,308.94583,1165.9138
TIME:n_peaks,time,62.488285,303.0
TIME:n_valleys,time,63.533493,305.0
TIME:peak_rate,time,152.5513,739.7461
TIME:mean_peak_amp,time,0.15325117,8.575994
TIME:std_peak_amp,time,0.19118416,6.832498
TIME:max_peak_amp,time,1.0136732,20.67285
TIME:mean_peak_interval,time,22.450508,880.125
TIME:std_peak_interval,time,84.99557,2258.3933
TIME:activity_factor,time,0.01816328,0.98042846
TIME:above_1std_frac,time,0.043769285,0.5196533
TIME:above_2std_frac,time,0.010805401,0.106933594
TIME:above_3std_frac,time,0.006264123,0.052246094
TIME:longest_run_above,time,71.62248,438.0
TIME:autocorr_lag1,time,0.01944368,0.99987394
TIME:autocorr_lag10,time,0.3553484,0.99362487
TIME:autocorr_first_zero,time,66.44447,315.0
TIME:autocorr_peak,time,0.01944368,0.99987394
TIME:d1_mean_abs,time,0.077586755,0.2836045
TIME:d1_std,time,0.09629841,0.3828472
TIME:d1_max_abs,time,0.4678506,5.544724
TIME:d2_mean_abs,time,0.03743982,0.1369525
TIME:d2_std,time,0.046530932,0.17719205
TIME:ssc_rate,time,0.009400489,0.16153847
TIME:waveform_length,time,635.51245,2323.0044
TIME:hjorth_activity,time,0.0,1.0
TIME:hjorth_mobility,time,0.09629841,0.3828472
TIME:hjorth_complexity,time,2.505283,23.165154
TIME:katz_fd,time,0.42164657,3.6750093
TIME:higuchi_fd,time,0.03052946,0.3151207
TIME:tkeo_mean,time,0.07326085,0.2785746
TIME:tkeo_std,time,0.077274546,1.8404903
TIME:env_mean,time,0.07650373,1.4038162
TIME:env_std,time,0.11302124,1.3448262
TIME:env_skew,time,0.669682,9.010789
TIME:env_kurt,time,4.263013,96.09205
TIME:env_entropy,time,0.11745022,12.9887905
TIME:env_crest,time,1.6185064,43.5922
TIME:burst_count,time,55.71082,249.0
TIME:burst_rate,time,136.01474,607.91016
TIME:burst_mean_dur,time,26.351425,1042.0
TIME:burst_std_dur,time,45.03172,715.20575
TIME:burst_mean_gap,time,104.95817,7963.0
TIME:burst_occupancy,time,0.018868253,0.2750244
TIME:hist_b0,time,0.004763033,0.1541748
TIME:hist_b1,time,0.015269986,0.40441895
TIME:hist_b2,time,0.029474728,0.8703613
TIME:hist_b3,time,0.04248121,0.91882324
TIME:hist_b4,time,0.05741457,0.9613037
TIME:hist_b5,time,0.06811333,0.89575195
TIME:hist_b6,time,0.06588122,0.89282227
TIME:hist_b7,time,0.059029244,0.9074707
TIME:hist_b8,time,0.058412995,0.9024658
TIME:hist_b9,time,0.061726857,0.8955078
TIME:hist_b10,time,0.05827546,0.71435547
TIME:hist_b11,time,0.04330945,0.6380615
TIME:hist_b12,time,0.025359742,0.4276123
TIME:hist_b13,time,0.013503798,0.35009766
TIME:hist_b14,time,0.0068130726,0.17272949
TIME:hist_b15,time,0.0022621385,0.064086914
TIME:hist_entropy,time,0.29818377,3.9723
TIME:hist_contrast,time,2.1827002,26.340382
FREQ:mag_mean,freq,9.208628,41.75928
FREQ:mag_std,freq,2.8552382,90.34901
FREQ:mag_min,freq,7.983522e-14,6.3898886e-13
FREQ:mag_max,freq,1116.3129,5680.8643
FREQ:mag_range,freq,1116.3129,5680.8643
FREQ:pow_mean,freq,1.9525365,8190.003
FREQ:pow_std,freq,85446.53,504141.34
FREQ:pow_max,freq,5.379915e+06,3.2272218e+07
FREQ:spec_centroid,freq,176.22182,1611.9612
FREQ:spec_spread,freq,167.2495,2186.5845
FREQ:spec_rolloff85,freq,194.01064,3186.0352
FREQ:spec_rolloff,freq,250.26616,7189.9414
FREQ:spec_flatness,freq,0.036841184,0.38974965
FREQ:spec_skew,freq,9.555511,60.67698
FREQ:spec_kurt,freq,453.5606,3806.151
FREQ:spec_slope,freq,0.0040651113,0.018526293
FREQ:peak1_freq,freq,198.6256,1865.2344
FREQ:peak1_amp,freq,1116.3129,5680.8643
FREQ:peak2_freq,freq,258.68268,1855.4688
FREQ:peak2_amp,freq,550.34424,3760.3691
FREQ:peak_count,freq,24.768688,370.0
FREQ:peak_ratio,freq,0.24014753,0.99999917
FREQ:bandP_0,freq,9.314419e+06,3.3380442e+07
FREQ:bandP_1,freq,4.2153875e+06,3.2155182e+07
FREQ:bandP_2,freq,2.0487016e+06,3.0421838e+07
FREQ:bandP_3,freq,1.4019864e+06,2.1302066e+07
FREQ:bandP_4,freq,2.5340005e+06,1.3408673e+07
FREQ:bandP_5,freq,4.787667e+06,2.3306964e+07
FREQ:bandP_6,freq,1.6031156e+06,7.4022105e+06
FREQ:bandP_rel_0,freq,0.27759132,0.9948147
FREQ:bandP_rel_1,freq,0.12562834,0.9582991
FREQ:bandP_rel_2,freq,0.061056066,0.9066414
FREQ:bandP_rel_3,freq,0.04178245,0.63485104
FREQ:bandP_rel_4,freq,0.0755191,0.3996096
FREQ:bandP_rel_5,freq,0.1426836,0.69460166
FREQ:bandP_rel_6,freq,0.04777657,0.22060306
FREQ:ratio_low_mid,freq,58.124874,2062.2903
FREQ:ratio_mid_high,freq,6.6677794,300.01715
FREQ:ratio_low_high,freq,46.682144,2724.291
FREQ:ratio_high_tail,freq,0.04777657,0.22060306
FREQ:frac_low,freq,0.30732393,0.99848205
FREQ:frac_mid,freq,0.08340194,0.91136223
FREQ:frac_high,freq,0.26391113,0.8440703
FREQ:spec_entropy_shannon,freq,2.0322487,9.253141
FREQ:spec_entropy_renyi,freq,2.3518374,8.85353
FREQ:spec_decrease,freq,0.008713678,0.07345304
FREQ:psd_max,freq,0.032836393,0.19697398
FREQ:psd_min,freq,0.0,2.4921068e-33
FREQ:psd_range,freq,0.032836393,0.19697398
FREQ:hist_b0,freq,5.819019e-08,0.00024408103
FREQ:hist_b1,freq,0.0,0.0
FREQ:hist_b2,freq,0.0,0.0
FREQ:hist_b3,freq,0.0,0.0
FREQ:hist_b4,freq,0.0,0.0
FREQ:hist_b5,freq,0.0,0.0
FREQ:hist_b6,freq,0.0,0.0
FREQ:hist_b7,freq,0.0,0.0
FREQ:hist_b8,freq,0.0,0.0
FREQ:hist_b9,freq,0.0,0.0
FREQ:hist_b10,freq,0.0,0.0
FREQ:hist_b11,freq,0.0,0.0
FREQ:hist_b12,freq,0.0,0.0
FREQ:hist_b13,freq,5.877463e-07,0.00024408103
FREQ:hist_b14,freq,1.1754743e-06,0.00024408103
FREQ:hist_b15,freq,3.853875e-06,0.00097632414
FREQ:hist_b16,freq,9.6233125e-05,0.036856238
FREQ:hist_b17,freq,0.0008416584,0.16768368
FREQ:hist_b18,freq,0.0029932836,0.4903588
FREQ:hist_b19,freq,0.0070335837,0.4827923
FREQ:hist_b20,freq,0.022280244,0.6104467
FREQ:hist_b21,freq,0.057004333,0.6448621
FREQ:hist_b22,freq,0.12297377,0.70246524
FREQ:hist_b23,freq,0.2041771,0.7273615
FREQ:hist_b24,freq,0.22788157,0.76495
FREQ:hist_b25,freq,0.21687938,0.77324873
FREQ:hist_b26,freq,0.124753125,0.7747132
FREQ:hist_b27,freq,0.024221817,0.70100075
FREQ:hist_b28,freq,0.032218274,0.14620455
FREQ:hist_b29,freq,0.039077308,0.14669271
FREQ:hist_b30,freq,0.05324323,0.14376374
FREQ:hist_b31,freq,0.02377383,0.11081279
FREQ:hist_entropy,freq,0.3547122,3.6543055
FREQ:cepstral_1,freq,0.28053278,3.1340988
FREQ:cepstral_2,freq,0.10248025,1.3492798
FREQ:cepstral_3,freq,0.038146503,0.6190145
FREQ:cepstral_4,freq,0.061790675,0.34984395
FREQ:cepstral_5,freq,0.04719359,0.29118356
FREQ:cepstral_6,freq,0.027718738,0.2594794
FREQ:cepstral_7,freq,0.024214664,0.18088129
FREQ:cepstral_8,freq,0.0187628,0.15804124
TF:stft_mean,tf,0.0003896091,0.0043481565
TF:stft_std,tf,0.020558394,0.12958877
TF:stft_min,tf,8.6685924e-20,3.4440591e-18
TF:stft_max,tf,1.1911159,10.807414
TF:stft_range,tf,1.1911159,10.807414
TF:stft_p10,tf,3.9069947e-17,2.3513272e-16
TF:stft_p25,tf,3.1677288e-16,1.8568229e-15
TF:stft_p50,tf,4.304149e-11,1.6916056e-10
TF:stft_p75,tf,4.4364402e-05,0.00016815064
TF:stft_p90,tf,0.0032818152,0.0103562875
TF:stft_skew,tf,12.904797,79.35709
TF:stft_kurt,tf,987.16766,7275.1865
TF:stft_entropy,tf,1.6384528,11.159284
TF:stft_crest,tf,17.593113,102.01264
TF:stft_rms,tf,0.020454288,0.12964506
TF:stft_gini,tf,0.036425766,0.9990824
TF:Et_mean,tf,0.10012935,1.1174762
TF:Et_std,tf,0.44423315,3.6553352
TF:Et_min,tf,0.14936838,0.5866188
TF:Et_max,tf,2.25872,23.78581
TF:Et_range,tf,2.368521,23.78529
TF:Et_p25,tf,0.16504039,0.76961946
TF:Et_p75,tf,0.21829785,2.0112178
TF:Et_iqr,tf,0.2873667,1.9322948
TF:Et_skew,tf,1.2545182,7.552022
TF:Et_kurt,tf,7.5831656,55.36221
TF:Et_entropy,tf,0.41933003,5.919128
TF:Et_centroid,tf,5.23751,59.170788
TF:Et_spread,tf,2.4685373,27.384697
TF:Ef_centroid,tf,321.13034,1163.4768
TF:Ef_spread,tf,162.64014,703.1361
TF:Ef_skew,tf,3.7782457,13.572618
TF:Ef_kurt,tf,51.576538,195.43578
TF:Ef_flatness,tf,2.2990197e-07,7.4453715e-07
TF:Ef_rolloff85,tf,605.5937,1718.75
TF:Ef_rolloff95,tf,605.0523,1953.125
TF:Ef_rolloff99,tf,476.27078,2226.5625
TF:Ef_mean,tf,0.02376607,0.26523754
TF:Ef_std,tf,0.6874974,3.0317264
TF:Ef_min,tf,2.2592395e-15,1.2723627e-14
TF:Ef_max,tf,9.472821,42.878105
TF:Ef_range,tf,9.472821,42.878105
TF:Ef_p25,tf,2.0036993e-14,2.1751793e-13
TF:Ef_p75,tf,0.0053466763,0.028056623
TF:Ef_iqr,tf,0.0053466763,0.028056623
TF:Ef_entropy,tf,1.4654101,5.786434
TF:Ef_peak_freq,tf,387.6759,1679.6875
TF:Ef_peak_amp,tf,9.908416,42.878105
TF:Ef_n_peaks,tf,5.0415506,19.0
TF:Ef_harmonic_ratio,tf,0.12636009,0.6403593
TF:flux_mean,tf,0.042810485,0.60610116
TF:flux_std,tf,0.09676709,0.61880183
TF:flux_max,tf,0.3571201,3.1139464
TF:divergence_mean,tf,0.09948529,1.6735294
TF:divergence_std,tf,0.29007372,3.063436
TF:coherence_mean,tf,0.013713203,0.99265915
TF:coherence_std,tf,0.024389142,0.15186547
TF:novelty,tf,0.16058111,0.9573142
TF:mod0_centroid,tf,1.4601704,17.698618
TF:mod0_spread,tf,0.67021775,11.88059
TF:mod0_entropy,tf,0.18098174,4.905156
TF:mod1_centroid,tf,0.9783157,15.769318
TF:mod1_spread,tf,0.38341266,9.629454
TF:mod1_entropy,tf,0.09129617,4.9068036
TF:mod2_centroid,tf,0.8986592,15.772889
TF:mod2_spread,tf,0.37680525,10.076396
TF:mod2_entropy,tf,0.081268385,4.906695
TF:mod3_centroid,tf,0.8550948,15.653654
TF:mod3_spread,tf,0.3750549,10.260161
TF:mod3_entropy,tf,0.075145155,4.9054375
TF:mod4_centroid,tf,0.8638895,16.123903
TF:mod4_spread,tf,0.37483415,9.807442
TF:mod4_entropy,tf,0.07647846,4.897264
TF:mod5_centroid,tf,0.86929977,15.730467
TF:mod5_spread,tf,0.37376165,9.846246
TF:mod5_entropy,tf,0.077230625,4.9057655
TF:mod6_centroid,tf,0.86507034,16.039186
TF:mod6_spread,tf,0.3749304,9.9155
TF:mod6_entropy,tf,0.07666691,4.8987813
TF:mod7_centroid,tf,0.8739141,16.150066
TF:mod7_spread,tf,0.43071538,11.084994
TF:mod7_entropy,tf,0.07437373,4.8984575
TF:mod8_centroid,tf,1.0185024,16.229116
TF:mod8_spread,tf,0.43274644,10.954343
TF:mod8_entropy,tf,0.076790735,4.9060435
TF:mod9_centroid,tf,1.3270384,15.24736
TF:mod9_spread,tf,0.36518532,10.7348585
TF:mod9_entropy,tf,0.07943794,4.906129
TF:mod10_centroid,tf,1.4981005,14.485375
TF:mod10_spread,tf,0.43603286,10.480797
TF:mod10_entropy,tf,0.080987506,4.9060664
TF:mod11_centroid,tf,2.0936604,12.231505
TF:mod11_spread,tf,1.265531,9.962758
TF:mod11_entropy,tf,0.08145875,4.9058995
TF:tfband_0,tf,8.163874,42.878105
TF:tfband_1,tf,9.019051,31.26286
TF:tfband_2,tf,5.4494143,40.31969
TF:tfband_3,tf,2.021879,34.74416
TF:tfband_4,tf,1.7084302,18.789766
TF:DWT_L0_mean,tf,0.46644905,2.133168
TF:DWT_L0_std,tf,1.6520615,12.48569
TF:DWT_L0_var,tf,18.301601,155.89244
TF:DWT_L0_skew,tf,1.0762787,7.6015286
TF:DWT_L0_kurt,tf,3.4514844,75.633125
TF:DWT_L0_min,tf,6.7918487,60.652042
TF:DWT_L0_max,tf,7.6888657,75.781494
TF:DWT_L0_range,tf,11.779922,102.94471
TF:DWT_L0_median,tf,0.47317705,4.4883566
TF:DWT_L0_iqr,tf,2.8392892,16.28816
TF:DWT_L0_mad,tf,1.3989936,8.060912
TF:DWT_L0_energy,tf,2462.7837,21499.342
TF:DWT_L0_log_energy,tf,0.28179365,4.332425
TF:DWT_L0_rms,tf,1.6542889,12.666604
TF:DWT_L0_entropy,tf,0.6653854,6.679065
TF:DWT_L0_zcr,tf,0.107931525,0.8120301
TF:DWT_L0_p2p,tf,11.779922,102.94471
TF:DWT_L0_tk_mean,tf,21.341736,119.136116
TF:DWT_L0_tk_std,tf,42.454742,535.2847
TF:DWT_L0_tk_max,tf,316.3075,5779.3247
TF:DWT_L1_mean,tf,0.1500914,1.2050166
TF:DWT_L1_std,tf,0.6527825,7.5713263
TF:DWT_L1_var,tf,2.4205935,57.32498
TF:DWT_L1_skew,tf,0.36135706,8.695622
TF:DWT_L1_kurt,tf,3.320064,92.93831
TF:DWT_L1_min,tf,2.4015281,57.606277
TF:DWT_L1_max,tf,2.4678347,58.587513
TF:DWT_L1_range,tf,4.6572924,116.193794
TF:DWT_L1_median,tf,0.17027694,1.0147429
TF:DWT_L1_iqr,tf,0.87735796,9.119689
TF:DWT_L1_mad,tf,0.44100824,4.542928
TF:DWT_L1_energy,tf,325.81076,7682.341
TF:DWT_L1_log_energy,tf,0.41916335,3.8854935
TF:DWT_L1_rms,tf,0.6546071,7.5717173
TF:DWT_L1_entropy,tf,0.41750383,6.4868803
TF:DWT_L1_zcr,tf,0.060738105,0.8947368
TF:DWT_L1_p2p,tf,4.6572924,116.193794
TF:DWT_L1_tk_mean,tf,2.392535,57.333775
TF:DWT_L1_tk_std,tf,6.4595423,295.6947
TF:DWT_L1_tk_max,tf,50.92002,3334.1987
TF:DWT_L2_mean,tf,0.106599554,0.6338448
TF:DWT_L2_std,tf,0.6454328,3.9872901
TF:DWT_L2_var,tf,1.8354901,15.898481
TF:DWT_L2_skew,tf,0.2908135,8.380003
TF:DWT_L2_kurt,tf,3.5091271,109.20092
TF:DWT_L2_min,tf,2.0251572,32.210182
TF:DWT_L2_max,tf,2.0870876,35.969017
TF:DWT_L2_range,tf,3.9579947,68.1792
TF:DWT_L2_median,tf,0.12559016,0.7345737
TF:DWT_L2_iqr,tf,0.8955111,4.0766244
TF:DWT_L2_mad,tf,0.44894964,2.0432646
TF:DWT_L2_energy,tf,482.6871,4168.2334
TF:DWT_L2_log_energy,tf,0.510003,3.619952
TF:DWT_L2_rms,tf,0.6466671,3.9886448
TF:DWT_L2_entropy,tf,0.3334911,7.263795
TF:DWT_L2_zcr,tf,0.03829937,0.7816092
TF:DWT_L2_p2p,tf,3.9579947,68.1792
TF:DWT_L2_tk_mean,tf,1.8689854,12.23731
TF:DWT_L2_tk_std,tf,3.5157666,114.16622
TF:DWT_L2_tk_max,tf,27.707693,1377.844
TF:DWT_L3_mean,tf,0.07468397,0.42010257
TF:DWT_L3_std,tf,0.65759134,2.5301163
TF:DWT_L3_var,tf,1.7988278,6.4014893
TF:DWT_L3_skew,tf,0.2414574,13.070824
TF:DWT_L3_kurt,tf,3.9583998,245.65936
TF:DWT_L3_min,tf,2.0953772,23.875282
TF:DWT_L3_max,tf,2.131758,29.5959
TF:DWT_L3_range,tf,4.110662,45.063774
TF:DWT_L3_median,tf,0.08855446,0.5252599
TF:DWT_L3_iqr,tf,0.90734386,3.6205027
TF:DWT_L3_mad,tf,0.45425817,1.810882
TF:DWT_L3_energy,tf,933.5721,3323.5203
TF:DWT_L3_log_energy,tf,0.5571239,3.5215983
TF:DWT_L3_rms,tf,0.65823156,2.5329947
TF:DWT_L3_entropy,tf,0.30298352,8.193038
TF:DWT_L3_zcr,tf,0.026960157,0.7582205
TF:DWT_L3_p2p,tf,4.110662,45.063774
TF:DWT_L3_tk_mean,tf,1.8113743,6.696538
TF:DWT_L3_tk_std,tf,3.162462,43.65023
TF:DWT_L3_tk_max,tf,23.814987,695.5669
TF:DWT_L4_mean,tf,0.0069530676,0.039897002
TF:DWT_L4_std,tf,0.44457474,1.8420293
TF:DWT_L4_var,tf,0.8051182,3.3930721
TF:DWT_L4_skew,tf,0.12813313,6.006667
TF:DWT_L4_kurt,tf,4.7306857,221.68028
TF:DWT_L4_min,tf,1.5598098,27.463213
TF:DWT_L4_max,tf,1.5476599,24.614147
TF:DWT_L4_range,tf,3.0172684,52.077362
TF:DWT_L4_median,tf,0.025576461,0.14637668
TF:DWT_L4_iqr,tf,0.6115189,2.4085407
TF:DWT_L4_mad,tf,0.30596662,1.2066684
TF:DWT_L4_energy,tf,829.30255,3494.8794
TF:DWT_L4_log_energy,tf,0.5794824,3.5434322
TF:DWT_L4_rms,tf,0.44458276,1.8420333
TF:DWT_L4_entropy,tf,0.29229927,9.121168
TF:DWT_L4_zcr,tf,0.013933932,0.81341106
TF:DWT_L4_p2p,tf,3.0172684,52.077362
TF:DWT_L4_tk_mean,tf,0.7476457,3.215126
TF:DWT_L4_tk_std,tf,1.0676776,23.08236
TF:DWT_L4_tk_max,tf,11.323898,518.4375
TF:DWT_L5_mean,tf,0.00040186063,0.0020442698
TF:DWT_L5_std,tf,0.09308406,0.34820285
TF:DWT_L5_var,tf,0.03493881,0.12124523
TF:DWT_L5_skew,tf,0.1501442,7.205331
TF:DWT_L5_kurt,tf,6.370545,478.90796
TF:DWT_L5_min,tf,0.6043155,5.2306952
TF:DWT_L5_max,tf,0.60272795,4.6534457
TF:DWT_L5_range,tf,1.1840007,9.706857
TF:DWT_L5_median,tf,0.003601843,0.021007247
TF:DWT_L5_iqr,tf,0.12659438,0.4764729
TF:DWT_L5_mad,tf,0.06332113,0.2389312
TF:DWT_L5_energy,tf,71.72925,248.91893
TF:DWT_L5_log_energy,tf,0.58922315,2.3960578
TF:DWT_L5_rms,tf,0.09308416,0.34820458
TF:DWT_L5_entropy,tf,0.30823982,10.083566
TF:DWT_L5_zcr,tf,0.009706167,0.7431774
TF:DWT_L5_p2p,tf,1.1840007,9.706857
TF:DWT_L5_tk_mean,tf,0.036945827,0.15303725
TF:DWT_L5_tk_std,tf,0.05583229,0.9944967
TF:DWT_L5_tk_max,tf,1.9460644,28.32399
TF:DWT_L6_mean,tf,5.258455e-06,2.7260974e-05
TF:DWT_L6_std,tf,0.0069301673,0.025700696
TF:DWT_L6_var,tf,0.00019316805,0.0006605258
TF:DWT_L6_skew,tf,0.07664211,7.9502425
TF:DWT_L6_kurt,tf,5.9523253,642.7766
TF:DWT_L6_min,tf,0.04393189,0.43673322
TF:DWT_L6_max,tf,0.044358987,0.39031243
TF:DWT_L6_range,tf,0.085159175,0.8270457
TF:DWT_L6_median,tf,0.00016280338,0.0009738665
TF:DWT_L6_iqr,tf,0.009473438,0.03526942
TF:DWT_L6_mad,tf,0.0047378307,0.017607814
TF:DWT_L6_energy,tf,0.7917972,2.7074957
TF:DWT_L6_log_energy,tf,0.5928795,3.0710745
TF:DWT_L6_rms,tf,0.0069301683,0.0257007
TF:DWT_L6_entropy,tf,0.28766954,11.053025
TF:DWT_L6_zcr,tf,0.005731063,0.4148365
TF:DWT_L6_p2p,tf,0.085159175,0.8270457
TF:DWT_L6_tk_mean,tf,0.000328668,0.0011470303
TF:DWT_L6_tk_std,tf,0.00038233766,0.0074650934
TF:DWT_L6_tk_max,tf,0.012055029,0.18050723
TF:WPT_aaaa_mean,tf,0.057481483,0.26311585
TF:WPT_aaaa_std,tf,0.5327536,4.476809
TF:WPT_aaaa_var,tf,3.4253497,20.041819
TF:WPT_aaaa_skew,tf,0.6711874,8.282414
TF:WPT_aaaa_kurt,tf,3.2636442,127.6562
TF:WPT_aaaa_min,tf,3.53084,51.56256
TF:WPT_aaaa_max,tf,4.048574,58.587803
TF:WPT_aaaa_range,tf,5.7650833,91.07562
TF:WPT_aaaa_median,tf,0.20050396,2.1693778
TF:WPT_aaaa_iqr,tf,1.0079944,8.225387
TF:WPT_aaaa_mad,tf,0.4889673,3.9676836
TF:WPT_aaaa_energy,tf,1774.1259,10417.523
TF:WPT_aaaa_log_energy,tf,0.14673465,4.0177646
TF:WPT_aaaa_rms,tf,0.5326524,4.4845343
TF:WPT_aaaa_entropy,tf,0.45534968,8.62489
TF:WPT_aaaa_zcr,tf,0.1439164,0.5764023
TF:WPT_aaaa_p2p,tf,5.7650833,91.07562
TF:WPT_aaaa_tk_mean,tf,1.7365166,22.18413
TF:WPT_aaaa_tk_std,tf,4.610323,186.7575
TF:WPT_aaaa_tk_max,tf,81.29022,3129.6672
TF:WPT_aaaa_rel_energy,tf,0.21737094,0.9997455
TF:WPT_aaaa_abs_mean,tf,0.43589276,3.6415865
TF:WPT_aaad_mean,tf,0.07468397,0.42010257
TF:WPT_aaad_std,tf,0.65759134,2.5301163
TF:WPT_aaad_var,tf,1.7988278,6.4014893
TF:WPT_aaad_skew,tf,0.2414574,13.070824
TF:WPT_aaad_kurt,tf,3.9583998,245.65936
TF:WPT_aaad_min,tf,2.0953772,23.875282
TF:WPT_aaad_max,tf,2.131758,29.5959
TF:WPT_aaad_range,tf,4.110662,45.063774
TF:WPT_aaad_median,tf,0.08855446,0.5252599
TF:WPT_aaad_iqr,tf,0.90734386,3.6205027
TF:WPT_aaad_mad,tf,0.45425817,1.810882
TF:WPT_aaad_energy,tf,933.5721,3323.5203
TF:WPT_aaad_log_energy,tf,0.5571239,3.5215983
TF:WPT_aaad_rms,tf,0.65823156,2.5329947
TF:WPT_aaad_entropy,tf,0.30298352,8.193038
TF:WPT_aaad_zcr,tf,0.026960157,0.7582205
TF:WPT_aaad_p2p,tf,4.110662,45.063774
TF:WPT_aaad_tk_mean,tf,1.8113743,6.696538
TF:WPT_aaad_tk_std,tf,3.162462,43.65023
TF:WPT_aaad_tk_max,tf,23.814987,695.5669
TF:WPT_aaad_rel_energy,tf,0.110633545,0.4047659
TF:WPT_aaad_abs_mean,tf,0.5296687,2.039126
TF:WPT_aada_mean,tf,0.01112284,0.06143853
TF:WPT_aada_std,tf,0.2524962,0.9991568
TF:WPT_aada_var,tf,0.25709856,0.9983143
TF:WPT_aada_skew,tf,0.28878945,16.63047
TF:WPT_aada_kurt,tf,4.2390494,341.97348
TF:WPT_aada_min,tf,0.95364064,11.384389
TF:WPT_aada_max,tf,0.94104666,12.252477
TF:WPT_aada_range,tf,1.7778006,19.189806
TF:WPT_aada_median,tf,0.021432843,0.11206065
TF:WPT_aada_iqr,tf,0.344184,1.447862
TF:WPT_aada_mad,tf,0.172316,0.6983126
TF:WPT_aada_energy,tf,133.21568,517.7136
TF:WPT_aada_log_energy,tf,0.59075695,2.7140896
TF:WPT_aada_rms,tf,0.25253275,0.99972355
TF:WPT_aada_entropy,tf,0.28831428,8.188425
TF:WPT_aada_zcr,tf,0.019492852,0.8104449
TF:WPT_aada_p2p,tf,1.7778006,19.189806
TF:WPT_aada_tk_mean,tf,0.20334764,0.80965126
TF:WPT_aada_tk_std,tf,0.3800485,4.535451
TF:WPT_aada_tk_max,tf,5.2997413,79.0062
TF:WPT_aada_rel_energy,tf,0.015721766,0.06157931
TF:WPT_aada_abs_mean,tf,0.20193662,0.79807055
TF:WPT_aadd_mean,tf,0.07395211,0.38686255
TF:WPT_aadd_std,tf,0.57615244,2.5525725
TF:WPT_aadd_var,tf,1.354636,6.5156264
TF:WPT_aadd_skew,tf,0.33240873,15.127381
TF:WPT_aadd_kurt,tf,4.5002913,278.19772
TF:WPT_aadd_min,tf,1.8373075,24.035303
TF:WPT_aadd_max,tf,1.8423915,36.435375
TF:WPT_aadd_range,tf,3.5778122,45.632248
TF:WPT_aadd_median,tf,0.08750378,0.46833622
TF:WPT_aadd_iqr,tf,0.7937695,3.1853366
TF:WPT_aadd_mad,tf,0.397428,1.6023785
TF:WPT_aadd_energy,tf,703.44666,3381.82
TF:WPT_aadd_log_energy,tf,0.5785256,3.5291505
TF:WPT_aadd_rms,tf,0.57687,2.5551145
TF:WPT_aadd_entropy,tf,0.2943312,8.181487
TF:WPT_aadd_zcr,tf,0.021283105,0.5473888
TF:WPT_aadd_p2p,tf,3.5778122,45.632248
TF:WPT_aadd_tk_mean,tf,1.4276801,6.809511
TF:WPT_aadd_tk_std,tf,2.3333454,59.76112
TF:WPT_aadd_tk_max,tf,18.047451,1103.4146
TF:WPT_aadd_rel_energy,tf,0.08331756,0.4002359
TF:WPT_aadd_abs_mean,tf,0.46429992,1.765641
TF:WPT_adaa_mean,tf,0.0033901294,0.0170776
TF:WPT_adaa_std,tf,0.027170468,0.21327764
TF:WPT_adaa_var,tf,0.003292133,0.045487348
TF:WPT_adaa_skew,tf,6.6310916,19.854996
TF:WPT_adaa_kurt,tf,49.549442,429.4607
TF:WPT_adaa_min,tf,0.37828532,3.3612573
TF:WPT_adaa_max,tf,0.3845056,3.3071513
TF:WPT_adaa_range,tf,0.5100519,3.6425095
TF:WPT_adaa_median,tf,0.00072654936,0.003954901
TF:WPT_adaa_iqr,tf,0.014221646,0.06098097
TF:WPT_adaa_mad,tf,0.0071241674,0.030647105
TF:WPT_adaa_energy,tf,1.7149135,23.713518
TF:WPT_adaa_log_energy,tf,0.67181927,3.6448581
TF:WPT_adaa_rms,tf,0.027249366,0.21396026
TF:WPT_adaa_entropy,tf,1.6529093,8.176488
TF:WPT_adaa_zcr,tf,0.01554205,0.83558995
TF:WPT_adaa_p2p,tf,0.5100519,3.6425095
TF:WPT_adaa_tk_mean,tf,0.002064217,0.028416574
TF:WPT_adaa_tk_std,tf,0.051890124,0.7430364
TF:WPT_adaa_tk_max,tf,0.808907,11.534473
TF:WPT_adaa_rel_energy,tf,0.00019017882,0.0023958075
TF:WPT_adaa_abs_mean,tf,0.009611039,0.044914484
TF:WPT_adad_mean,tf,0.0079446435,0.044702254
TF:WPT_adad_std,tf,0.053193506,0.2505336
TF:WPT_adad_var,tf,0.011554317,0.062767096
TF:WPT_adad_skew,tf,0.42820808,13.47959
TF:WPT_adad_kurt,tf,4.733649,231.04556
TF:WPT_adad_min,tf,0.22062661,3.0165858
TF:WPT_adad_max,tf,0.22518654,2.3483372
TF:WPT_adad_range,tf,0.3939919,4.5427017
TF:WPT_adad_median,tf,0.00892135,0.05197225
TF:WPT_adad_iqr,tf,0.07273371,0.29039857
TF:WPT_adad_mad,tf,0.036410037,0.14587773
TF:WPT_adad_energy,tf,6.0052547,32.51408
TF:WPT_adad_log_energy,tf,0.57774985,2.127346
TF:WPT_adad_rms,tf,0.05328327,0.2505364
TF:WPT_adad_entropy,tf,0.3097683,8.195314
TF:WPT_adad_zcr,tf,0.019468615,0.4564797
TF:WPT_adad_p2p,tf,0.3939919,4.5427017
TF:WPT_adad_tk_mean,tf,0.011936556,0.071930125
TF:WPT_adad_tk_std,tf,0.021407112,0.44322976
TF:WPT_adad_tk_max,tf,0.3566969,8.365542
TF:WPT_adad_rel_energy,tf,0.00070935185,0.003915531
TF:WPT_adad_abs_mean,tf,0.042664614,0.16449057
TF:WPT_adda_mean,tf,0.010362652,0.05820903
TF:WPT_adda_std,tf,0.13133132,0.57684845
TF:WPT_adda_var,tf,0.06907408,0.33275416
TF:WPT_adda_skew,tf,0.45362118,13.696367
TF:WPT_adda_kurt,tf,7.643587,275.6033
TF:WPT_adda_min,tf,0.8487474,7.6384196
TF:WPT_adda_max,tf,0.8444097,6.9204583
TF:WPT_adda_range,tf,1.6356465,14.558878
TF:WPT_adda_median,tf,0.014016425,0.08651943
TF:WPT_adda_iqr,tf,0.17247808,0.69697106
TF:WPT_adda_mad,tf,0.0863467,0.3539871
TF:WPT_adda_energy,tf,35.81492,172.41817
TF:WPT_adda_log_energy,tf,0.6006937,2.236583
TF:WPT_adda_rms,tf,0.1313957,0.5769347
TF:WPT_adda_entropy,tf,0.43045706,8.187002
TF:WPT_adda_zcr,tf,0.022209175,0.75628626
TF:WPT_adda_p2p,tf,1.6356465,14.558878
TF:WPT_adda_tk_mean,tf,0.066005886,0.30635926
TF:WPT_adda_tk_std,tf,0.214693,3.367197
TF:WPT_adda_tk_max,tf,3.6219954,59.26834
TF:WPT_adda_rel_energy,tf,0.004215337,0.019666128
TF:WPT_adda_abs_mean,tf,0.10238166,0.39502582
TF:WPT_addd_mean,tf,0.007948551,0.043715183
TF:WPT_addd_std,tf,0.12488409,0.56171036
TF:WPT_addd_var,tf,0.06318587,0.31551853
TF:WPT_addd_skew,tf,0.2839163,14.890203
TF:WPT_addd_kurt,tf,4.682083,293.5223
TF:WPT_addd_min,tf,0.4132948,4.944259
TF:WPT_addd_max,tf,0.41522068,5.9786572
TF:WPT_addd_range,tf,0.81020683,10.871286
TF:WPT_addd_median,tf,0.012940563,0.06956524
TF:WPT_addd_iqr,tf,0.17170861,0.6947831
TF:WPT_addd_mad,tf,0.08596273,0.34950432
TF:WPT_addd_energy,tf,32.750225,163.90825
TF:WPT_addd_log_energy,tf,0.5865126,2.2146008
TF:WPT_addd_rms,tf,0.124922134,0.56251687
TF:WPT_addd_entropy,tf,0.2899269,8.201215
TF:WPT_addd_zcr,tf,0.02173692,0.69632494
TF:WPT_addd_p2p,tf,0.81020683,10.871286
TF:WPT_addd_tk_mean,tf,0.06329291,0.2962556
TF:WPT_addd_tk_std,tf,0.1024068,2.5503013
TF:WPT_addd_tk_max,tf,0.8460753,39.70221
TF:WPT_addd_rel_energy,tf,0.0038765783,0.019933611
TF:WPT_addd_abs_mean,tf,0.10043253,0.39063272
TF:WPT_daaa_mean,tf,0.00012227782,0.00059533474
TF:WPT_daaa_std,tf,0.0016005771,0.012482065
TF:WPT_daaa_var,tf,1.14384e-05,0.00015580196
TF:WPT_daaa_skew,tf,7.836006,22.313908
TF:WPT_daaa_kurt,tf,108.725174,501.73956
TF:WPT_daaa_min,tf,0.030411007,0.26211324
TF:WPT_daaa_max,tf,0.030842146,0.27950615
TF:WPT_daaa_range,tf,0.038310796,0.29474378
TF:WPT_daaa_median,tf,6.435682e-05,0.00040670452
TF:WPT_daaa_iqr,tf,0.0012721166,0.0053477427
TF:WPT_daaa_mad,tf,0.00063738547,0.0026390306
TF:WPT_daaa_energy,tf,0.0059343115,0.08086486
TF:WPT_daaa_log_energy,tf,0.63112736,5.6803155
TF:WPT_daaa_rms,tf,0.0016018443,0.01249439
TF:WPT_daaa_entropy,tf,1.82927,8.202291
TF:WPT_daaa_zcr,tf,0.015504338,0.8471954
TF:WPT_daaa_p2p,tf,0.038310796,0.29474378
TF:WPT_daaa_tk_mean,tf,2.63288e-06,1.6989055e-05
TF:WPT_daaa_tk_std,tf,1.4304292e-05,0.00020854553
TF:WPT_daaa_tk_max,tf,0.00026327546,0.003674076
TF:WPT_daaa_rel_energy,tf,6.959299e-07,9.345954e-06
TF:WPT_daaa_abs_mean,tf,0.0007852595,0.0031701727
TF:WPT_daad_mean,tf,0.0006240561,0.003191963
TF:WPT_daad_std,tf,0.0043610195,0.02152777
TF:WPT_daad_var,tf,7.762942e-05,0.00046344494
TF:WPT_daad_skew,tf,0.666077,15.467092
TF:WPT_daad_kurt,tf,6.9241877,300.55847
TF:WPT_daad_min,tf,0.024401104,0.2668196
TF:WPT_daad_max,tf,0.02467924,0.2776338
TF:WPT_daad_range,tf,0.03949271,0.39728415
TF:WPT_daad_median,tf,0.0007068757,0.004198621
TF:WPT_daad_iqr,tf,0.0059088184,0.023872374
TF:WPT_daad_mad,tf,0.0029581746,0.011961613
TF:WPT_daad_energy,tf,0.04033683,0.24106698
TF:WPT_daad_log_energy,tf,0.5787841,4.377463
TF:WPT_daad_rms,tf,0.004367772,0.021572674
TF:WPT_daad_entropy,tf,0.35957897,8.163707
TF:WPT_daad_zcr,tf,0.019758934,0.48742747
TF:WPT_daad_p2p,tf,0.03949271,0.39728415
TF:WPT_daad_tk_mean,tf,8.2228435e-05,0.000429864
TF:WPT_daad_tk_std,tf,0.00019053681,0.0035261165
TF:WPT_daad_tk_max,tf,0.0039882115,0.07220625
TF:WPT_daad_rel_energy,tf,4.752237e-06,2.8156865e-05
TF:WPT_daad_abs_mean,tf,0.0034712977,0.013263039
TF:WPT_dada_mean,tf,0.0009891739,0.0057962104
TF:WPT_dada_std,tf,0.012412693,0.047729947
TF:WPT_dada_var,tf,0.0006170886,0.0022781477
TF:WPT_dada_skew,tf,0.23919821,11.520668
TF:WPT_dada_kurt,tf,4.0244823,203.37462
TF:WPT_dada_min,tf,0.039356496,0.5327416
TF:WPT_dada_max,tf,0.0394232,0.5957679
TF:WPT_dada_range,tf,0.076782584,0.7728785
TF:WPT_dada_median,tf,0.0014177556,0.008564925
TF:WPT_dada_iqr,tf,0.017027482,0.069951
TF:WPT_dada_mad,tf,0.008523698,0.035244662
TF:WPT_dada_energy,tf,0.31996474,1.180604
TF:WPT_dada_log_energy,tf,0.6007824,3.4462929
TF:WPT_dada_rms,tf,0.012418882,0.04774053
TF:WPT_dada_entropy,tf,0.2674942,8.201953
TF:WPT_dada_zcr,tf,0.022285968,0.7234042
TF:WPT_dada_p2p,tf,0.076782584,0.7728785
TF:WPT_dada_tk_mean,tf,0.00061253324,0.0023993778
TF:WPT_dada_tk_std,tf,0.001023315,0.01608791
TF:WPT_dada_tk_max,tf,0.0074323956,0.35577893
TF:WPT_dada_rel_energy,tf,3.788894e-05,0.00014125454
TF:WPT_dada_abs_mean,tf,0.009977634,0.03840923
TF:WPT_dadd_mean,tf,0.0006202616,0.0034585681
TF:WPT_dadd_std,tf,0.011057338,0.04535059
TF:WPT_dadd_var,tf,0.0004953035,0.002056676
TF:WPT_dadd_skew,tf,0.2558557,10.815759
TF:WPT_dadd_kurt,tf,4.439196,207.65024
TF:WPT_dadd_min,tf,0.03576992,0.50420964
TF:WPT_dadd_max,tf,0.03586295,0.54058117
TF:WPT_dadd_range,tf,0.0694977,1.0166088
TF:WPT_dadd_median,tf,0.0010857309,0.0069895717
TF:WPT_dadd_iqr,tf,0.015191318,0.061108623
TF:WPT_dadd_mad,tf,0.007605708,0.03026876
TF:WPT_dadd_energy,tf,0.25668767,1.0684148
TF:WPT_dadd_log_energy,tf,0.5876468,3.5626757
TF:WPT_dadd_rms,tf,0.011059922,0.045415603
TF:WPT_dadd_entropy,tf,0.2864425,8.189116
TF:WPT_dadd_zcr,tf,0.021459786,0.71953577
TF:WPT_dadd_p2p,tf,0.0694977,1.0166088
TF:WPT_dadd_tk_mean,tf,0.00048092174,0.0019980313
TF:WPT_dadd_tk_std,tf,0.00077108684,0.01552226
TF:WPT_dadd_tk_max,tf,0.00651968,0.28143358
TF:WPT_dadd_rel_energy,tf,3.0386307e-05,0.0001299303
TF:WPT_dadd_abs_mean,tf,0.008889203,0.03416312
TF:WPT_ddaa_mean,tf,0.0003439101,0.0016957183
TF:WPT_ddaa_std,tf,0.0029377576,0.02216885
TF:WPT_ddaa_var,tf,3.4403212e-05,0.00049145793
TF:WPT_ddaa_skew,tf,9.782006,19.36505
TF:WPT_ddaa_kurt,tf,54.312042,414.07944
TF:WPT_ddaa_min,tf,0.040304817,0.3534351
TF:WPT_ddaa_max,tf,0.04085541,0.33768594
TF:WPT_ddaa_range,tf,0.05605273,0.41820478
TF:WPT_ddaa_median,tf,2.8077973e-05,0.00017111759
TF:WPT_ddaa_iqr,tf,0.0005306789,0.0023174982
TF:WPT_ddaa_mad,tf,0.00026584967,0.0011354643
TF:WPT_ddaa_energy,tf,0.017923158,0.25606468
TF:WPT_ddaa_log_energy,tf,0.8392372,6.349596
TF:WPT_ddaa_rms,tf,0.0029465193,0.02223361
TF:WPT_ddaa_entropy,tf,1.7226025,8.136816
TF:WPT_ddaa_zcr,tf,0.016354023,0.8471954
TF:WPT_ddaa_p2p,tf,0.05605273,0.41820478
TF:WPT_ddaa_tk_mean,tf,2.3750988e-05,0.00034009112
TF:WPT_ddaa_tk_std,tf,0.00056374434,0.008094688
TF:WPT_ddaa_tk_max,tf,0.009161651,0.13155703
TF:WPT_ddaa_rel_energy,tf,1.9899273e-06,2.6003598e-05
TF:WPT_ddaa_abs_mean,tf,0.0004875424,0.0028366854
TF:WPT_ddad_mean,tf,0.00010551161,0.00057160744
TF:WPT_ddad_std,tf,0.001144187,0.006681985
TF:WPT_ddad_var,tf,5.399504e-06,4.464893e-05
TF:WPT_ddad_skew,tf,1.9098243,16.249142
TF:WPT_ddad_kurt,tf,26.658762,350.98575
TF:WPT_ddad_min,tf,0.012727359,0.11580465
TF:WPT_ddad_max,tf,0.012524411,0.11933514
TF:WPT_ddad_range,tf,0.021537816,0.16640486
TF:WPT_ddad_median,tf,0.00013310321,0.0007860269
TF:WPT_ddad_iqr,tf,0.0013877699,0.005617074
TF:WPT_ddad_mad,tf,0.00069472665,0.0028743418
TF:WPT_ddad_energy,tf,0.00280021,0.023128152
TF:WPT_ddad_log_energy,tf,0.59693635,5.6526494
TF:WPT_ddad_rms,tf,0.0011448911,0.0066819866
TF:WPT_ddad_entropy,tf,0.8272655,8.169606
TF:WPT_ddad_zcr,tf,0.020179272,0.58800775
TF:WPT_ddad_p2p,tf,0.021537816,0.16640486
TF:WPT_ddad_tk_mean,tf,5.8293153e-06,4.2894604e-05
TF:WPT_ddad_tk_std,tf,3.8378552e-05,0.00057272025
TF:WPT_ddad_tk_max,tf,0.0008344521,0.0122124385
TF:WPT_ddad_rel_energy,tf,3.2292158e-07,2.53712e-06
TF:WPT_ddad_abs_mean,tf,0.0008310054,0.0032493575
TF:WPT_ddda_mean,tf,0.0010122142,0.005522135
TF:WPT_ddda_std,tf,0.009160975,0.049758878
TF:WPT_ddda_var,tf,0.00033825389,0.0024759457
TF:WPT_ddda_skew,tf,0.430964,10.798519
TF:WPT_ddda_kurt,tf,16.032482,247.81361
TF:WPT_ddda_min,tf,0.08514004,0.7626819
TF:WPT_ddda_max,tf,0.08496268,0.69079894
TF:WPT_ddda_range,tf,0.16886353,1.4352242
TF:WPT_ddda_median,tf,0.0012121067,0.0066739963
TF:WPT_ddda_iqr,tf,0.011520149,0.04696022
TF:WPT_ddda_mad,tf,0.00576798,0.023650745
TF:WPT_ddda_energy,tf,0.17552584,1.2832986
TF:WPT_ddda_log_energy,tf,0.6085138,3.8633053
TF:WPT_ddda_rms,tf,0.009169454,0.049773593
TF:WPT_ddda_entropy,tf,0.67499363,8.180874
TF:WPT_ddda_zcr,tf,0.02197677,0.6054159
TF:WPT_ddda_p2p,tf,0.16886353,1.4352242
TF:WPT_ddda_tk_mean,tf,0.00036347812,0.002856655
TF:WPT_ddda_tk_std,tf,0.002146371,0.037293665
TF:WPT_ddda_tk_max,tf,0.038904056,0.6578394
TF:WPT_ddda_rel_energy,tf,2.0691801e-05,0.00014831721
TF:WPT_ddda_abs_mean,tf,0.0068784617,0.026837602
TF:WPT_dddd_mean,tf,0.00013367664,0.0008245234
TF:WPT_dddd_std,tf,0.004009297,0.017920697
TF:WPT_dddd_var,tf,6.465724e-05,0.00032115137
TF:WPT_dddd_skew,tf,0.361274,13.403629
TF:WPT_dddd_kurt,tf,6.506068,247.40977
TF:WPT_dddd_min,tf,0.024290334,0.20891467
TF:WPT_dddd_max,tf,0.024314316,0.21373631
TF:WPT_dddd_range,tf,0.046286017,0.40147007
TF:WPT_dddd_median,tf,0.00030722882,0.0017428236
TF:WPT_dddd_iqr,tf,0.005346774,0.022242488
TF:WPT_dddd_mad,tf,0.002677295,0.011189683
TF:WPT_dddd_energy,tf,0.033498142,0.16640365
TF:WPT_dddd_log_energy,tf,0.59492874,4.481879
TF:WPT_dddd_rms,tf,0.0040096426,0.017923241
TF:WPT_dddd_entropy,tf,0.38436162,8.18599
TF:WPT_dddd_zcr,tf,0.018650334,0.8027079
TF:WPT_dddd_p2p,tf,0.046286017,0.40147007
TF:WPT_dddd_tk_mean,tf,4.871512e-05,0.00019826033
TF:WPT_dddd_tk_std,tf,0.00013633899,0.0015725238
TF:WPT_dddd_tk_max,tf,0.0028577873,0.035629135
TF:WPT_dddd_rel_energy,tf,3.9501083e-06,2.0236404e-05
TF:WPT_dddd_abs_mean,tf,0.0031541688,0.012440795
TF:WPT_band_entropy,tf,0.63120216,2.0102565
TF:WPT_band_centroid,tf,0.44664422,1.7299451
TF:WPT_band_spread,tf,0.3978396,1.5594593
TF:WPT_band_flatness,tf,0.0026905304,0.012460746
TF:WPT_low_high_ratio,tf,204500.72,9.616798e+06
TF:glcm_0_contrast_d1_a0,tf,0.18139552,2.399222
TF:glcm_1_energy_d1_a0,tf,0.02946082,0.5615973
TF:glcm_2_homogeneity_d1_a0,tf,0.017237555,0.79323155
TF:glcm_3_correlation_d1_a0,tf,0.001298043,0.99271387
TF:glcm_4_entropy_d1_a0,tf,0.25149888,5.519351
TF:glcm_5_contrast_d1_a1,tf,0.2047806,2.6881511
TF:glcm_6_energy_d1_a1,tf,0.029617954,0.56007826
TF:glcm_7_homogeneity_d1_a1,tf,0.017896399,0.77338016
TF:glcm_8_correlation_d1_a1,tf,0.0011310361,0.9911511
TF:glcm_9_entropy_d1_a1,tf,0.25520834,5.6134434
TF:glcm_10_contrast_d1_a2,tf,0.17453246,2.191214
TF:glcm_11_energy_d1_a2,tf,0.029691014,0.5617456
TF:glcm_12_homogeneity_d1_a2,tf,0.017805588,0.8102232
TF:glcm_13_correlation_d1_a2,tf,0.0013197602,0.99394137
TF:glcm_14_entropy_d1_a2,tf,0.25566912,5.522299
TF:glcm_15_contrast_d1_a3,tf,0.20515044,2.655013
TF:glcm_16_energy_d1_a3,tf,0.029616557,0.560147
TF:glcm_17_homogeneity_d1_a3,tf,0.017938815,0.7746133
TF:glcm_18_correlation_d1_a3,tf,0.001127185,0.9911775
TF:glcm_19_entropy_d1_a3,tf,0.25538585,5.6138134
TF:glcm_20_contrast_d2_a0,tf,0.25667545,4.7826285
TF:glcm_21_energy_d2_a0,tf,0.029398616,0.55815405
TF:glcm_22_homogeneity_d2_a0,tf,0.018750913,0.7612205
TF:glcm_23_correlation_d2_a0,tf,0.001294195,0.98993987
TF:glcm_24_entropy_d2_a0,tf,0.25425398,5.6661806
TF:glcm_25_contrast_d2_a1,tf,0.2047806,2.6881511
TF:glcm_26_energy_d2_a1,tf,0.029617954,0.56007826
TF:glcm_27_homogeneity_d2_a1,tf,0.017896399,0.77338016
TF:glcm_28_correlation_d2_a1,tf,0.0011310361,0.9911511
TF:glcm_29_entropy_d2_a1,tf,0.25520834,5.6134434
TF:glcm_30_contrast_d2_a2,tf,0.22953805,3.1320477
TF:glcm_31_energy_d2_a2,tf,0.029846821,0.55893147
TF:glcm_32_homogeneity_d2_a2,tf,0.019695818,0.77030545
TF:glcm_33_correlation_d2_a2,tf,0.0017271503,0.9911254
TF:glcm_34_entropy_d2_a2,tf,0.2620541,5.688416
TF:glcm_35_contrast_d2_a3,tf,0.20515044,2.655013
TF:glcm_36_energy_d2_a3,tf,0.029616557,0.560147
TF:glcm_37_homogeneity_d2_a3,tf,0.017938815,0.7746133
TF:glcm_38_correlation_d2_a3,tf,0.001127185,0.9911775
TF:glcm_39_entropy_d2_a3,tf,0.25538585,5.6138134
TF:glcm_40_contrast_d3_a0,tf,0.27484694,6.23353
TF:glcm_41_energy_d3_a0,tf,0.029335719,0.55803585
TF:glcm_42_homogeneity_d3_a0,tf,0.01847308,0.7645739
TF:glcm_43_correlation_d3_a0,tf,0.0015987713,0.9898813
TF:glcm_44_entropy_d3_a0,tf,0.25198787,5.674067
TF:glcm_45_contrast_d3_a1,tf,0.21859317,4.969691
TF:glcm_46_energy_d3_a1,tf,0.029639363,0.55834484
TF:glcm_47_homogeneity_d3_a1,tf,0.0177581,0.75446814
TF:glcm_48_correlation_d3_a1,tf,0.0020296462,0.98940635
TF:glcm_49_entropy_d3_a1,tf,0.25369462,5.698017
TF:glcm_50_contrast_d3_a2,tf,0.21722886,3.3167677
TF:glcm_51_energy_d3_a2,tf,0.029959736,0.55882424
TF:glcm_52_homogeneity_d3_a2,tf,0.019474097,0.75780123
TF:glcm_53_correlation_d3_a2,tf,0.0020531598,0.99009436
TF:glcm_54_entropy_d3_a2,tf,0.26396278,5.7236643
TF:glcm_55_contrast_d3_a3,tf,0.21897823,4.949219
TF:glcm_56_energy_d3_a3,tf,0.029642558,0.55868363
TF:glcm_57_homogeneity_d3_a3,tf,0.017841103,0.7508941
TF:glcm_58_correlation_d3_a3,tf,0.0020103285,0.9894475
TF:glcm_59_entropy_d3_a3,tf,0.25407702,5.693725
TF:glcm_60_contrast_d4_a0,tf,0.28770918,7.187863
TF:glcm_61_energy_d4_a0,tf,0.029301306,0.5580779
TF:glcm_62_homogeneity_d4_a0,tf,0.018223772,0.76585263
TF:glcm_63_correlation_d4_a0,tf,0.0018104922,0.9899441
TF:glcm_64_entropy_d4_a0,tf,0.2505377,5.6705484
TF:glcm_65_contrast_d4_a1,tf,0.22807953,6.6248302
TF:glcm_66_energy_d4_a1,tf,0.029715575,0.5577821
TF:glcm_67_homogeneity_d4_a1,tf,0.0174245,0.74644375
TF:glcm_68_correlation_d4_a1,tf,0.0024985443,0.9888307
TF:glcm_69_entropy_d4_a1,tf,0.25463107,5.7272487
TF:glcm_70_contrast_d4_a2,tf,0.2156344,3.4980886
TF:glcm_71_energy_d4_a2,tf,0.03008135,0.55821997
TF:glcm_72_homogeneity_d4_a2,tf,0.019513652,0.7474352
TF:glcm_73_correlation_d4_a2,tf,0.0022110224,0.9889053
TF:glcm_74_entropy_d4_a2,tf,0.2662001,5.7529864
TF:glcm_75_contrast_d4_a3,tf,0.22759208,6.4731197
TF:glcm_76_energy_d4_a3,tf,0.02971895,0.5583838
TF:glcm_77_homogeneity_d4_a3,tf,0.017526962,0.74692047
TF:glcm_78_correlation_d4_a3,tf,0.0024538857,0.98888725
TF:glcm_79_entropy_d4_a3,tf,0.25510055,5.729254
TF:lbp_b0,tf,0.0053016166,0.08872871
TF:lbp_b1,tf,0.0012157179,0.019901767
TF:lbp_b2,tf,0.0030377656,0.046437457
TF:lbp_b3,tf,0.0022102774,0.05421956
TF:lbp_b4,tf,0.00020667048,0.001786056
TF:lbp_b5,tf,0.0001656314,0.001339542
TF:lbp_b6,tf,0.00082774874,0.00975952
TF:lbp_b7,tf,0.0014036937,0.033360973
TF:lbp_b8,tf,0.0024898478,0.043949734
TF:lbp_b9,tf,0.00061970216,0.008483766
TF:lbp_b10,tf,0.001074658,0.014607387
TF:lbp_b11,tf,0.0008872418,0.014479811
TF:lbp_b12,tf,0.0007860449,0.008611341
TF:lbp_b13,tf,0.0004254589,0.0048478665
TF:lbp_b14,tf,0.0015609561,0.026344325
TF:lbp_b15,tf,0.0019116404,0.05307138
TF:lbp_b16,tf,0.0011800592,0.024111755
TF:lbp_b17,tf,0.000524308,0.00586847
TF:lbp_b18,tf,0.0004885188,0.00586847
TF:lbp_b19,tf,0.00074252236,0.010269822
TF:lbp_b20,tf,0.00013079296,0.0009568157
TF:lbp_b21,tf,0.00014122222,0.0010206035
TF:lbp_b22,tf,0.00036593428,0.003572112
TF:lbp_b23,tf,0.00093281385,0.01256618
TF:lbp_b24,tf,0.0020468473,0.05256108
TF:lbp_b25,tf,0.00075375085,0.010269822
TF:lbp_b26,tf,0.0007459017,0.009887096
TF:lbp_b27,tf,0.0011235741,0.017796772
TF:lbp_b28,tf,0.0011091048,0.014160872
TF:lbp_b29,tf,0.0009169455,0.01116285
TF:lbp_b30,tf,0.0017676228,0.027301142
TF:lbp_b31,tf,0.023453273,0.6489762
TF:hog_b0,tf,0.0050782845,0.14783774
TF:hog_b1,tf,0.0036492455,0.102630876
TF:hog_b2,tf,0.002961573,0.07824534
TF:hog_b3,tf,0.0028192385,0.069264434
TF:hog_b4,tf,0.002863743,0.06580556
TF:hog_b5,tf,0.0030486798,0.07091531
TF:hog_b6,tf,0.0036420135,0.08184511
TF:hog_b7,tf,0.0051672063,0.10812774
TF:hog_b8,tf,0.0051258747,0.101873375
TF:hog_b9,tf,0.003653843,0.08057675
TF:hog_b10,tf,0.0031082334,0.07179494
TF:hog_b11,tf,0.0028989434,0.067458265
TF:hog_b12,tf,0.002820809,0.06549315
TF:hog_b13,tf,0.0029424955,0.07514489
TF:hog_b14,tf,0.0036384668,0.10519266
TF:hog_b15,tf,0.0052368767,0.16296396
TF:tf_area,tf,0.030514829,0.09402309
TF:tf_perimeter,tf,0.053220358,0.1474772
TF:tf_bbox_extent,tf,0.08428448,0.22957198
TF:tf_aspect_ratio,tf,6.902425,30.5
TF:tf_elongation,tf,6.9018235,30.5
TF:tf_ridge_density,tf,0.15599382,1.0
TF:tf_sparsity,tf,0.030515943,0.9994259
TF:tf_fill_ratio,tf,0.19523214,0.9945355
TF:tf_occupancy,tf,0.030514829,0.09402309
TF:tf_burstiness,tf,0.4930466,5.53321
TF:tf_freq_time_var_ratio,tf,4.933366,309.87793
TF:das_tonal_ratio,tf,2.7573793,14.671058
TF:das_transient_index,tf,1.135917,30.61641
TF:das_cyclostationary_index,tf,0.1620106,0.97565484
TF:das_low_high_ratio,tf,50.774643,3378.2952
SPAT:sp_centroid,spatial,0.0,15.5
SPAT:sp_spread,spatial,0.009157574,9.233092
SPAT:sp_width,spatial,0.0,31.0
SPAT:sp_active10,spatial,0.0,32.0
SPAT:sp_active50,spatial,0.0,32.0
SPAT:sp_active_frac,spatial,0.0,1.0
SPAT:sp_argmax,spatial,8.586053,31.0
SPAT:sp_q25,spatial,0.49674022,8.0
SPAT:sp_q50,spatial,0.49997097,16.0
SPAT:sp_q75,spatial,0.4960909,24.0
SPAT:sp_skew,spatial,0.6404898,5.2677917
SPAT:sp_kurt,spatial,2.2512884,26.194983
SPAT:sp_gini,spatial,4.119488e-15,3.281403e-14
SPAT:sp_entropy,spatial,0.0,5.0
SPAT:sp_flatness,spatial,0.0,1.0
SPAT:sp_max_frac,spatial,0.0,0.03125
SPAT:sp_top3_frac,spatial,0.0,0.09375
SPAT:sp_grad_mean_abs,spatial,3.174402e-11,2.707067e-10
SPAT:sp_grad_std,spatial,8.307306e-11,6.5770855e-10
SPAT:sp_grad_energy,spatial,1.6530512e-18,1.34101065e-17
SPAT:sp_grad_max,spatial,4.0719766e-10,3.0377123e-09
SPAT:sp_edge_density,spatial,0.16483001,1.0
SPAT:sp_smoothness,spatial,0.0,1.0
SPAT:sp_tv_norm,spatial,3.7539014e-15,3.2012587e-14
SPAT:sp_n_clusters,spatial,0.0,1.0
SPAT:sp_cluster_mean,spatial,0.0,32.0
SPAT:sp_cluster_max,spatial,0.0,32.0
SPAT:sp_cluster_std,spatial,0.0,0.0
SPAT:sp_coverage,spatial,0.0,1.0
SPAT:st_mean,spatial,3.2129366e-18,1.490778e-17
SPAT:st_std,spatial,0.0,1.0
SPAT:st_skew,spatial,0.17287427,2.1125226
SPAT:st_kurt,spatial,1.1551198,28.93544
SPAT:st_energy,spatial,0.0,262144.0
SPAT:st_entropy,spatial,0.18149877,17.19327
SPAT:st_active_dur_frac,spatial,0.042790078,0.22705078
SPAT:st_t_centroid,spatial,0.04409945,0.9415946
SPAT:st_t_spread,spatial,0.020958388,0.37183017
SPAT:st_burstiness,spatial,0.15366489,3.2152069
SPAT:st_t_max,spatial,0.00038353674,0.004587919
SPAT:st_t_entropy,spatial,0.1061171,12.967407
SPAT:st_t_skew,spatial,2.4034133,12.334072
SPAT:st_vel_mean,spatial,0.08222472,0.6267295
SPAT:st_vel_std,spatial,0.48670277,3.6714985
SPAT:st_direction,spatial,0.07167033,0.6228677
SPAT:st_linearity_r2,spatial,0.1732458,0.9706319
SPAT:st_traj_var,spatial,3.4506156,55.874542
SPAT:st_traj_range,spatial,3.093912,22.685856
SPAT:st_traj_drift,spatial,2.548972,19.428614
SPAT:st_grad_t_energy,spatial,7466.693,28606.709
SPAT:st_grad_c_energy,spatial,48607.11,614569.5
SPAT:st_anisotropy,spatial,0.014961343,0.062256146
SPAT:st_edge_density_t,spatial,0.033097066,0.4266344
SPAT:st_edge_density_c,spatial,0.016350903,0.4383033
SPAT:st_grad_t_mean,spatial,0.055480562,0.2634439
SPAT:st_grad_c_mean,spatial,0.079539634,1.2444272
SPAT:st_grad_corr,spatial,0.020150376,0.120503135
SPAT:st_hist_energy,spatial,0.036769975,0.8174055
SPAT:st_hist_entropy,spatial,0.19906317,3.1764205
SPAT:st_hist_contrast,spatial,0.4781123,4.8039703
SPAT:st_hist_uniformity,spatial,0.036769975,0.8174055
